indicatorId,geoUnit,year,value,qualifier,magnitude
FOSGP.5T8.F600.M,ABW,2000,0,,NA
FOSGP.5T8.F600.M,ABW,2001,0,,NA
FOSGP.5T8.F600.M,ABW,2002,0,,NA
FOSGP.5T8.F600.M,ABW,2003,0,,NA
FOSGP.5T8.F600.M,ABW,2004,0,,NA
FOSGP.5T8.F600.M,ABW,2005,0,,NA
FOSGP.5T8.F600.M,ABW,2006,0,,NA
FOSGP.5T8.F600.M,ABW,2007,0,,NA
FOSGP.5T8.F600.M,ABW,2008,0,,NA
FOSGP.5T8.F600.M,ABW,2009,0,,NA
FOSGP.5T8.F600.M,ABW,2010,0,,NA
FOSGP.5T8.F600.M,ABW,2011,0,,NA
FOSGP.5T8.F600.M,ABW,2012,0,,NA
FOSGP.5T8.F600.M,ABW,2015,0,,NIL
FOSGP.5T8.F600.M,ABW,2016,0,,NIL
FOSGP.5T8.F600.M,AFG,2020,5.356669902801514,,
FOSGP.5T8.F600.M,AGO,2002,0,,NIL
FOSGP.5T8.F600.M,AGO,2015,5.524940013885498,,
FOSGP.5T8.F600.M,AIA,2000,0,,NA
FOSGP.5T8.F600.M,AIA,2001,0,,NA
FOSGP.5T8.F600.M,AIA,2002,0,,NA
FOSGP.5T8.F600.M,AIA,2003,0,,NA
FOSGP.5T8.F600.M,AIA,2007,0,,NIL
FOSGP.5T8.F600.M,ALB,2000,0.7667700052261353,,
FOSGP.5T8.F600.M,ALB,2003,1.253479957580566,,
FOSGP.5T8.F600.M,ALB,2011,3.267430067062378,,
FOSGP.5T8.F600.M,ALB,2015,7.163559913635254,,
FOSGP.5T8.F600.M,ALB,2016,6.561769962310791,,
FOSGP.5T8.F600.M,ALB,2017,8.916850090026855,,
FOSGP.5T8.F600.M,ALB,2018,10.3741397857666,,
FOSGP.5T8.F600.M,ALB,2019,8.645560264587402,,
FOSGP.5T8.F600.M,ALB,2020,9.256660461425781,,
FOSGP.5T8.F600.M,ALB,2021,10.15497970581055,,
FOSGP.5T8.F600.M,ALB,2022,10.48843955993652,,
FOSGP.5T8.F600.M,ALB,2023,11.89743995666504,,
FOSGP.5T8.F600.M,AND,2002,77.77777862548828,,
FOSGP.5T8.F600.M,AND,2003,68.42105102539062,,
FOSGP.5T8.F600.M,AND,2004,65.21739196777344,,
FOSGP.5T8.F600.M,AND,2005,57.57575988769531,,
FOSGP.5T8.F600.M,AND,2006,55.17240905761719,,
FOSGP.5T8.F600.M,AND,2008,40.90908813476563,,
FOSGP.5T8.F600.M,AND,2012,21.0526294708252,,
FOSGP.5T8.F600.M,AND,2015,0,,NIL
FOSGP.5T8.F600.M,AND,2016,0,,NIL
FOSGP.5T8.F600.M,AND,2017,0,,NIL
FOSGP.5T8.F600.M,AND,2018,2.439019918441772,,
FOSGP.5T8.F600.M,AND,2019,0,,NIL
FOSGP.5T8.F600.M,AND,2020,34,,
FOSGP.5T8.F600.M,AND,2021,10.25640964508057,,
FOSGP.5T8.F600.M,AND,2022,28.2608699798584,,
FOSGP.5T8.F600.M,AND,2023,20.28985977172852,,
FOSGP.5T8.F600.M,ARE,2018,6.564730167388916,,
FOSGP.5T8.F600.M,ARE,2019,6.293489933013916,,
FOSGP.5T8.F600.M,ARE,2020,6.292540073394775,,
FOSGP.5T8.F600.M,ARE,2021,7.638020038604736,,
FOSGP.5T8.F600.M,ARE,2022,9.150639533996582,,
FOSGP.5T8.F600.M,ARE,2023,8.471839904785156,,
FOSGP.5T8.F600.M,ARG,2006,7.979529857635498,,
FOSGP.5T8.F600.M,ARG,2007,7.083469867706299,,
FOSGP.5T8.F600.M,ARG,2008,7.206270217895508,,
FOSGP.5T8.F600.M,ARG,2009,6.544300079345703,,
FOSGP.5T8.F600.M,ARG,2010,6.698840141296387,,
FOSGP.5T8.F600.M,ARG,2018,4.663080215454102,,
FOSGP.5T8.F600.M,ARG,2020,3.651550054550171,,
FOSGP.5T8.F600.M,ARG,2021,4.57289981842041,,
FOSGP.5T8.F600.M,ARG,2022,3.467600107192993,,
FOSGP.5T8.F600.M,ARM,2010,2.321439981460571,,
FOSGP.5T8.F600.M,ARM,2015,3.836740016937256,,
FOSGP.5T8.F600.M,ARM,2016,2.344280004501343,,
FOSGP.5T8.F600.M,ARM,2017,5.247310161590576,,
FOSGP.5T8.F600.M,ARM,2018,3.846149921417236,,
FOSGP.5T8.F600.M,ARM,2019,8.19324016571045,,
FOSGP.5T8.F600.M,ARM,2020,9.506600379943848,,
FOSGP.5T8.F600.M,ARM,2021,10.48431015014648,,
FOSGP.5T8.F600.M,ARM,2022,11.17514038085938,,
FOSGP.5T8.F600.M,ARM,2023,13.01439952850342,,
FOSGP.5T8.F600.M,ASM,2007,0,,NA
FOSGP.5T8.F600.M,ATG,2009,71.42857360839844,,
FOSGP.5T8.F600.M,ATG,2010,13.88889026641846,,
FOSGP.5T8.F600.M,ATG,2011,28.57143020629883,,
FOSGP.5T8.F600.M,ATG,2012,25.80644989013672,,
FOSGP.5T8.F600.M,AUS,2000,8.744629859924316,,
FOSGP.5T8.F600.M,AUS,2002,15.22828960418701,,
FOSGP.5T8.F600.M,AUS,2003,14.84311962127686,,
FOSGP.5T8.F600.M,AUS,2005,13.78337001800537,,
FOSGP.5T8.F600.M,AUS,2006,12.09298038482666,,
FOSGP.5T8.F600.M,AUS,2007,10.51276016235352,,
FOSGP.5T8.F600.M,AUS,2008,9.095620155334473,,
FOSGP.5T8.F600.M,AUS,2009,8.279950141906738,,
FOSGP.5T8.F600.M,AUS,2011,7.615990161895752,,
FOSGP.5T8.F600.M,AUS,2013,6.862360000610352,,
FOSGP.5T8.F600.M,AUS,2014,7.093999862670898,,
FOSGP.5T8.F600.M,AUS,2015,7.241630077362061,,
FOSGP.5T8.F600.M,AUS,2017,7.64277982711792,,
FOSGP.5T8.F600.M,AUS,2018,8.250829696655273,,
FOSGP.5T8.F600.M,AUS,2019,10.05576038360596,,
FOSGP.5T8.F600.M,AUS,2020,12.34620952606201,,
FOSGP.5T8.F600.M,AUS,2021,12.43350982666016,,
FOSGP.5T8.F600.M,AUS,2022,10.73884963989258,,
FOSGP.5T8.F600.M,AUT,2013,8.32079029083252,,
FOSGP.5T8.F600.M,AUT,2014,8.591650009155273,,
FOSGP.5T8.F600.M,AUT,2015,7.767320156097412,,
FOSGP.5T8.F600.M,AUT,2016,7.701980113983154,,
FOSGP.5T8.F600.M,AUT,2018,8.098170280456543,,
FOSGP.5T8.F600.M,AUT,2019,8.25802993774414,,
FOSGP.5T8.F600.M,AUT,2020,8.089879989624023,,
FOSGP.5T8.F600.M,AUT,2021,8.89706039428711,,
FOSGP.5T8.F600.M,AUT,2022,9.741399765014648,,
FOSGP.5T8.F600.M,AZE,2008,2.035650014877319,,
FOSGP.5T8.F600.M,AZE,2009,1.92290997505188,,
FOSGP.5T8.F600.M,AZE,2010,1.71668004989624,,
FOSGP.5T8.F600.M,AZE,2011,1.682180047035217,,
FOSGP.5T8.F600.M,AZE,2012,1.6910799741745,,
FOSGP.5T8.F600.M,AZE,2015,6.177229881286621,,
FOSGP.5T8.F600.M,AZE,2016,6.095389842987061,,
FOSGP.5T8.F600.M,AZE,2017,5.754209995269775,,
FOSGP.5T8.F600.M,AZE,2018,3.428859949111938,,
FOSGP.5T8.F600.M,AZE,2019,4.426340103149414,,
FOSGP.5T8.F600.M,AZE,2020,7.992539882659912,,
FOSGP.5T8.F600.M,AZE,2021,8.636340141296387,,
FOSGP.5T8.F600.M,AZE,2022,7.994750022888184,,
FOSGP.5T8.F600.M,AZE,2023,6.683939933776855,,
FOSGP.5T8.F600.M,BDI,2001,0,,NIL
FOSGP.5T8.F600.M,BDI,2004,0,,NIL
FOSGP.5T8.F600.M,BDI,2010,5.062660217285156,,
FOSGP.5T8.F600.M,BDI,2016,7.827809810638428,,
FOSGP.5T8.F600.M,BDI,2017,5.830150127410889,,
FOSGP.5T8.F600.M,BDI,2018,7.822110176086426,,
FOSGP.5T8.F600.M,BEL,2000,5.431169986724854,,
FOSGP.5T8.F600.M,BEL,2001,6.539869785308838,,
FOSGP.5T8.F600.M,BEL,2002,7.885489940643311,,
FOSGP.5T8.F600.M,BEL,2006,7.627769947052002,,
FOSGP.5T8.F600.M,BEL,2008,5.528329849243164,,
FOSGP.5T8.F600.M,BEL,2009,4.443190097808838,,
FOSGP.5T8.F600.M,BEL,2010,4.072889804840088,,
FOSGP.5T8.F600.M,BEL,2011,4.248859882354736,,
FOSGP.5T8.F600.M,BEL,2012,4.163790225982666,,
FOSGP.5T8.F600.M,BEL,2013,3.976439952850342,,
FOSGP.5T8.F600.M,BEL,2014,4.047749996185303,,
FOSGP.5T8.F600.M,BEL,2015,2.596960067749023,,
FOSGP.5T8.F600.M,BEL,2016,3.624680042266846,,
FOSGP.5T8.F600.M,BEL,2017,4.142839908599854,,
FOSGP.5T8.F600.M,BEL,2018,4.580939769744873,,
FOSGP.5T8.F600.M,BEL,2019,4.576560020446777,,
FOSGP.5T8.F600.M,BEL,2020,4.539390087127686,,
FOSGP.5T8.F600.M,BEL,2021,6.005320072174072,,
FOSGP.5T8.F600.M,BEL,2022,6.420509815216064,,
FOSGP.5T8.F600.M,BEN,2011,2.305210113525391,,
FOSGP.5T8.F600.M,BEN,2014,8.54701042175293,,
FOSGP.5T8.F600.M,BEN,2015,5.969399929046631,,
FOSGP.5T8.F600.M,BEN,2018,5.889309883117676,,
FOSGP.5T8.F600.M,BEN,2019,4.374639987945557,,
FOSGP.5T8.F600.M,BEN,2020,6.3471999168396,,
FOSGP.5T8.F600.M,BEN,2021,4.580770015716553,,
FOSGP.5T8.F600.M,BEN,2022,4.57903003692627,,
FOSGP.5T8.F600.M,BFA,2011,2.174720048904419,,
FOSGP.5T8.F600.M,BFA,2012,1.891960024833679,,
FOSGP.5T8.F600.M,BFA,2014,0.0394800007343292,,
FOSGP.5T8.F600.M,BFA,2015,0.301149994134903,,
FOSGP.5T8.F600.M,BFA,2016,0.2845500111579895,,
FOSGP.5T8.F600.M,BFA,2017,0,,NIL
FOSGP.5T8.F600.M,BFA,2018,0,,NIL
FOSGP.5T8.F600.M,BFA,2019,0.0245799999684095,,
FOSGP.5T8.F600.M,BFA,2020,0.1133499965071678,,
FOSGP.5T8.F600.M,BFA,2021,0.2048200070858002,,
FOSGP.5T8.F600.M,BFA,2022,0.1539800018072128,,
FOSGP.5T8.F600.M,BGD,2016,1.856160044670105,,
FOSGP.5T8.F600.M,BGD,2017,1.856160044670105,,
FOSGP.5T8.F600.M,BGD,2019,1.851729989051819,,
FOSGP.5T8.F600.M,BGD,2020,1.851660013198853,,
FOSGP.5T8.F600.M,BGR,2000,1.179939985275269,,
FOSGP.5T8.F600.M,BGR,2001,1.387330055236816,,
FOSGP.5T8.F600.M,BGR,2002,2.318300008773804,,
FOSGP.5T8.F600.M,BGR,2003,2.14165997505188,,
FOSGP.5T8.F600.M,BGR,2004,2.428580045700073,,
FOSGP.5T8.F600.M,BGR,2005,2.773669958114624,,
FOSGP.5T8.F600.M,BGR,2007,3.015239953994751,,
FOSGP.5T8.F600.M,BGR,2008,2.590970039367676,,
FOSGP.5T8.F600.M,BGR,2009,2.779730081558228,,
FOSGP.5T8.F600.M,BGR,2010,3.493540048599243,,
FOSGP.5T8.F600.M,BGR,2011,3.732690095901489,,
FOSGP.5T8.F600.M,BGR,2012,4.402130126953125,,
FOSGP.5T8.F600.M,BGR,2013,4.259560108184814,,
FOSGP.5T8.F600.M,BGR,2014,4.28233003616333,,
FOSGP.5T8.F600.M,BGR,2015,4.771810054779053,,
FOSGP.5T8.F600.M,BGR,2016,4.435999870300293,,
FOSGP.5T8.F600.M,BGR,2017,5.83128023147583,,
FOSGP.5T8.F600.M,BGR,2018,6.181099891662598,,
FOSGP.5T8.F600.M,BGR,2019,6.672520160675049,,
FOSGP.5T8.F600.M,BGR,2020,7.605649948120117,,
FOSGP.5T8.F600.M,BGR,2021,8.103670120239258,,
FOSGP.5T8.F600.M,BHR,2003,5.012849807739258,,
FOSGP.5T8.F600.M,BHR,2005,4.007820129394531,,
FOSGP.5T8.F600.M,BHR,2006,3.347729921340942,,
FOSGP.5T8.F600.M,BHR,2015,8.247420310974121,,
FOSGP.5T8.F600.M,BHR,2016,7.33981990814209,,
FOSGP.5T8.F600.M,BHR,2017,9.349960327148438,,
FOSGP.5T8.F600.M,BHR,2018,7.282000064849854,,
FOSGP.5T8.F600.M,BHR,2019,6.398009777069092,,
FOSGP.5T8.F600.M,BHR,2020,6.693640232086182,,
FOSGP.5T8.F600.M,BHR,2021,6.742350101470947,,
FOSGP.5T8.F600.M,BHR,2022,6.376989841461182,,
FOSGP.5T8.F600.M,BHR,2023,8.272859573364258,,
FOSGP.5T8.F600.M,BIH,2015,5.435309886932373,,
FOSGP.5T8.F600.M,BIH,2016,2.86929988861084,,
FOSGP.5T8.F600.M,BIH,2017,6.528039932250977,,
FOSGP.5T8.F600.M,BIH,2018,7.120580196380615,,
FOSGP.5T8.F600.M,BIH,2019,8.030509948730469,,
FOSGP.5T8.F600.M,BIH,2020,8.039629936218262,,
FOSGP.5T8.F600.M,BIH,2021,8.528559684753418,,
FOSGP.5T8.F600.M,BIH,2022,11.23468971252441,,
FOSGP.5T8.F600.M,BIH,2023,10.14622020721436,,
FOSGP.5T8.F600.M,BLR,2015,7.640349864959717,,
FOSGP.5T8.F600.M,BLR,2016,7.586790084838867,,
FOSGP.5T8.F600.M,BLR,2017,8.125749588012695,,
FOSGP.5T8.F600.M,BLR,2018,10.72760963439941,,
FOSGP.5T8.F600.M,BLR,2019,9.472319602966309,,
FOSGP.5T8.F600.M,BLR,2020,9.456660270690918,,
FOSGP.5T8.F600.M,BLR,2021,9.716569900512695,,
FOSGP.5T8.F600.M,BLR,2022,8.201470375061035,,
FOSGP.5T8.F600.M,BLR,2023,9.86575984954834,,
FOSGP.5T8.F600.M,BLZ,2015,9.555190086364746,,
FOSGP.5T8.F600.M,BLZ,2020,7.085559844970703,,
FOSGP.5T8.F600.M,BLZ,2021,8.810569763183594,,
FOSGP.5T8.F600.M,BLZ,2022,12.8169002532959,,
FOSGP.5T8.F600.M,BLZ,2023,13.91753005981445,,
FOSGP.5T8.F600.M,BMU,2001,8.695650100708008,,
FOSGP.5T8.F600.M,BMU,2005,5,,
FOSGP.5T8.F600.M,BMU,2007,4.838709831237793,,
FOSGP.5T8.F600.M,BMU,2009,15,,
FOSGP.5T8.F600.M,BMU,2010,15.38461971282959,,
FOSGP.5T8.F600.M,BMU,2011,11.11110973358154,,
FOSGP.5T8.F600.M,BMU,2012,4.878049850463867,,
FOSGP.5T8.F600.M,BMU,2015,10.86956977844238,,
FOSGP.5T8.F600.M,BMU,2017,16.94915008544922,,
FOSGP.5T8.F600.M,BMU,2018,8.108110427856445,,
FOSGP.5T8.F600.M,BMU,2023,8.510640144348145,,
FOSGP.5T8.F600.M,BRA,2001,6.953979969024658,,
FOSGP.5T8.F600.M,BRA,2002,6.888889789581299,,
FOSGP.5T8.F600.M,BRA,2003,6.859769821166992,,
FOSGP.5T8.F600.M,BRA,2004,7.607510089874268,,
FOSGP.5T8.F600.M,BRA,2005,7.932869911193848,,
FOSGP.5T8.F600.M,BRA,2007,7.832940101623535,,
FOSGP.5T8.F600.M,BRA,2008,7.650209903717041,,
FOSGP.5T8.F600.M,BRA,2009,8.309009552001953,,
FOSGP.5T8.F600.M,BRA,2010,7.945030212402344,,
FOSGP.5T8.F600.M,BRA,2011,7.248690128326416,,
FOSGP.5T8.F600.M,BRA,2012,7.074540138244629,,
FOSGP.5T8.F600.M,BRA,2014,7.276639938354492,,
FOSGP.5T8.F600.M,BRA,2015,6.965280055999756,,
FOSGP.5T8.F600.M,BRA,2016,6.961309909820557,,
FOSGP.5T8.F600.M,BRA,2017,6.390719890594482,,
FOSGP.5T8.F600.M,BRA,2018,7.240059852600098,,
FOSGP.5T8.F600.M,BRA,2019,7.470280170440674,,
FOSGP.5T8.F600.M,BRA,2020,8.346559524536133,,
FOSGP.5T8.F600.M,BRA,2022,9.899530410766602,,
FOSGP.5T8.F600.M,BRB,2010,0,,NA
FOSGP.5T8.F600.M,BRN,2000,2.650599956512451,,
FOSGP.5T8.F600.M,BRN,2001,3.133899927139282,,
FOSGP.5T8.F600.M,BRN,2003,1.598580002784729,,
FOSGP.5T8.F600.M,BRN,2004,3.976140022277832,,
FOSGP.5T8.F600.M,BRN,2005,4.57627010345459,,
FOSGP.5T8.F600.M,BRN,2006,2.260869979858398,,
FOSGP.5T8.F600.M,BRN,2007,6.181819915771484,,
FOSGP.5T8.F600.M,BRN,2008,5.996129989624023,,
FOSGP.5T8.F600.M,BRN,2009,7.169119834899902,,
FOSGP.5T8.F600.M,BRN,2010,10.14262962341309,,
FOSGP.5T8.F600.M,BRN,2011,0.1540800034999847,,
FOSGP.5T8.F600.M,BRN,2012,6.389299869537354,,
FOSGP.5T8.F600.M,BRN,2015,24.50592994689941,,
FOSGP.5T8.F600.M,BRN,2018,21.35092926025391,,
FOSGP.5T8.F600.M,BRN,2019,19.0513801574707,,
FOSGP.5T8.F600.M,BRN,2020,22.38805961608887,,
FOSGP.5T8.F600.M,BRN,2023,23.59069061279297,,
FOSGP.5T8.F600.M,BWA,2020,6.670060157775879,,
FOSGP.5T8.F600.M,BWA,2021,7.193880081176758,,
FOSGP.5T8.F600.M,BWA,2022,9.557259559631348,,
FOSGP.5T8.F600.M,BWA,2023,2.840579986572266,,
FOSGP.5T8.F600.M,CAN,2013,4.687310218811035,NAT_EST,
FOSGP.5T8.F600.M,CAN,2014,4.649149894714355,NAT_EST,
FOSGP.5T8.F600.M,CAN,2015,4.5105299949646,NAT_EST,
FOSGP.5T8.F600.M,CAN,2016,4.797850131988525,NAT_EST,
FOSGP.5T8.F600.M,CAN,2018,5.402750015258789,,
FOSGP.5T8.F600.M,CAN,2019,7.845600128173828,,
FOSGP.5T8.F600.M,CAN,2020,9.137510299682617,,
FOSGP.5T8.F600.M,CAN,2021,9.63010025024414,,
FOSGP.5T8.F600.M,CAN,2022,10.49260997772217,,
FOSGP.5T8.F600.M,CHE,2000,8.891510009765625,,
FOSGP.5T8.F600.M,CHE,2001,9.795909881591797,,
FOSGP.5T8.F600.M,CHE,2002,9.981399536132812,,
FOSGP.5T8.F600.M,CHE,2003,9.872909545898438,,
FOSGP.5T8.F600.M,CHE,2004,9.103039741516113,,
FOSGP.5T8.F600.M,CHE,2005,7.108310222625732,,
FOSGP.5T8.F600.M,CHE,2006,8.701640129089355,,
FOSGP.5T8.F600.M,CHE,2008,6.350379943847656,,
FOSGP.5T8.F600.M,CHE,2009,5.883059978485107,,
FOSGP.5T8.F600.M,CHE,2010,4.857240200042725,,
FOSGP.5T8.F600.M,CHE,2011,3.90159010887146,,
FOSGP.5T8.F600.M,CHE,2013,4.173550128936768,,
FOSGP.5T8.F600.M,CHE,2014,3.957720041275024,,
FOSGP.5T8.F600.M,CHE,2015,4.095890045166016,,
FOSGP.5T8.F600.M,CHE,2016,4.187079906463623,,
FOSGP.5T8.F600.M,CHE,2017,4.329539775848389,,
FOSGP.5T8.F600.M,CHE,2018,4.448259830474854,,
FOSGP.5T8.F600.M,CHE,2019,4.73799991607666,,
FOSGP.5T8.F600.M,CHE,2020,5.14640998840332,,
FOSGP.5T8.F600.M,CHE,2021,5.229730129241943,,
FOSGP.5T8.F600.M,CHE,2022,5.691709995269775,,
FOSGP.5T8.F600.M,CHL,2004,8.860139846801758,,
FOSGP.5T8.F600.M,CHL,2006,7.325230121612549,,
FOSGP.5T8.F600.M,CHL,2007,7.990600109100342,,
FOSGP.5T8.F600.M,CHL,2008,8.921839714050293,,
FOSGP.5T8.F600.M,CHL,2009,7.912650108337402,,
FOSGP.5T8.F600.M,CHL,2010,7.506140232086182,,
FOSGP.5T8.F600.M,CHL,2012,7.220970153808594,,
FOSGP.5T8.F600.M,CHL,2013,0.1843799948692322,,
FOSGP.5T8.F600.M,CHL,2014,6.94980001449585,,
FOSGP.5T8.F600.M,CHL,2015,6.491300106048584,,
FOSGP.5T8.F600.M,CHL,2016,6.385069847106934,,
FOSGP.5T8.F600.M,CHL,2017,5.912660121917725,,
FOSGP.5T8.F600.M,CHL,2018,6.078440189361572,,
FOSGP.5T8.F600.M,CHL,2019,6.114240169525146,,
FOSGP.5T8.F600.M,CHL,2020,6.948989868164063,,
FOSGP.5T8.F600.M,CHL,2021,6.155250072479248,,
FOSGP.5T8.F600.M,CHL,2022,6.486869812011719,,
FOSGP.5T8.F600.M,CMR,2019,10.52332019805908,,
FOSGP.5T8.F600.M,CMR,2020,7.195189952850342,,
FOSGP.5T8.F600.M,CMR,2021,8.374309539794922,,
FOSGP.5T8.F600.M,CMR,2022,8.449339866638184,,
FOSGP.5T8.F600.M,CMR,2023,8.760109901428223,,
FOSGP.5T8.F600.M,COD,2016,6.239089965820313,,
FOSGP.5T8.F600.M,COG,2017,2.627130031585693,,
FOSGP.5T8.F600.M,COK,2000,0,,NA
FOSGP.5T8.F600.M,COK,2001,0,,NA
FOSGP.5T8.F600.M,COK,2002,0,,NA
FOSGP.5T8.F600.M,COK,2003,0,,NA
FOSGP.5T8.F600.M,COK,2004,0,,NA
FOSGP.5T8.F600.M,COK,2008,0,,NA
FOSGP.5T8.F600.M,COK,2023,0,,NA
FOSGP.5T8.F600.M,COL,2002,0,,NIL
FOSGP.5T8.F600.M,COL,2011,3.880860090255737,,
FOSGP.5T8.F600.M,COL,2012,3.563469886779785,,
FOSGP.5T8.F600.M,COL,2014,8.446430206298828,,
FOSGP.5T8.F600.M,COL,2015,8.556819915771484,,
FOSGP.5T8.F600.M,COL,2016,9.173669815063477,,
FOSGP.5T8.F600.M,COL,2017,8.48386001586914,,
FOSGP.5T8.F600.M,COL,2018,8.436530113220215,,
FOSGP.5T8.F600.M,COL,2019,5.938769817352295,,
FOSGP.5T8.F600.M,COL,2020,5.890510082244873,,
FOSGP.5T8.F600.M,COL,2021,6.477049827575684,,
FOSGP.5T8.F600.M,COM,2000,0,,NA
FOSGP.5T8.F600.M,CPV,2016,0.9823200106620789,,
FOSGP.5T8.F600.M,CPV,2017,3.800479888916016,,
FOSGP.5T8.F600.M,CPV,2018,2.772279977798462,,
FOSGP.5T8.F600.M,CRI,2001,4.848480224609375,,
FOSGP.5T8.F600.M,CRI,2002,8.473730087280273,,
FOSGP.5T8.F600.M,CRI,2007,11.66802978515625,,
FOSGP.5T8.F600.M,CRI,2010,10.15402030944824,,
FOSGP.5T8.F600.M,CRI,2011,9.793279647827148,,
FOSGP.5T8.F600.M,CRI,2015,10.13166046142578,,
FOSGP.5T8.F600.M,CRI,2016,9.96576976776123,,
FOSGP.5T8.F600.M,CRI,2017,10.83259010314941,,
FOSGP.5T8.F600.M,CRI,2018,11.64647006988525,,
FOSGP.5T8.F600.M,CRI,2019,11.67189025878906,,
FOSGP.5T8.F600.M,CRI,2020,11.7440299987793,,
FOSGP.5T8.F600.M,CRI,2021,11.04401969909668,,
FOSGP.5T8.F600.M,CRI,2022,10.41491985321045,,
FOSGP.5T8.F600.M,CRI,2023,10.41491985321045,,
FOSGP.5T8.F600.M,CUB,2016,4.305880069732666,,
FOSGP.5T8.F600.M,CUB,2019,9.302929878234863,,
FOSGP.5T8.F600.M,CUB,2020,8.299300193786621,,
FOSGP.5T8.F600.M,CUB,2021,6.936759948730469,,
FOSGP.5T8.F600.M,CUB,2023,4.568480014801025,,
FOSGP.5T8.F600.M,CYM,2006,14.28571033477783,,
FOSGP.5T8.F600.M,CYM,2007,17.89473915100098,,
FOSGP.5T8.F600.M,CYM,2008,32.55813980102539,,
FOSGP.5T8.F600.M,CYP,2002,7.082950115203857,,
FOSGP.5T8.F600.M,CYP,2003,7.375889778137207,,
FOSGP.5T8.F600.M,CYP,2006,9.966329574584961,,
FOSGP.5T8.F600.M,CYP,2007,11.17807960510254,,
FOSGP.5T8.F600.M,CYP,2008,11.33127021789551,,
FOSGP.5T8.F600.M,CYP,2009,8.091850280761719,,
FOSGP.5T8.F600.M,CYP,2010,6.524960041046143,,
FOSGP.5T8.F600.M,CYP,2011,10.4412899017334,,
FOSGP.5T8.F600.M,CYP,2012,8.57843017578125,,
FOSGP.5T8.F600.M,CYP,2013,6.992720127105713,,
FOSGP.5T8.F600.M,CYP,2014,6.082729816436768,,
FOSGP.5T8.F600.M,CYP,2015,5.3744797706604,,
FOSGP.5T8.F600.M,CYP,2016,4.61693000793457,,
FOSGP.5T8.F600.M,CYP,2017,5.407830238342285,,
FOSGP.5T8.F600.M,CYP,2018,4.646580219268799,,
FOSGP.5T8.F600.M,CYP,2019,6.055779933929443,,
FOSGP.5T8.F600.M,CYP,2020,5.382080078125,,
FOSGP.5T8.F600.M,CYP,2021,6.190889835357666,,
FOSGP.5T8.F600.M,CYP,2022,5.245419979095459,,
FOSGP.5T8.F600.M,CZE,2000,13.34815979003906,,
FOSGP.5T8.F600.M,CZE,2001,13.30463027954102,,
FOSGP.5T8.F600.M,CZE,2002,13.92751979827881,,
FOSGP.5T8.F600.M,CZE,2003,5.248970031738281,,
FOSGP.5T8.F600.M,CZE,2004,6.053299903869629,,
FOSGP.5T8.F600.M,CZE,2005,6.164949893951416,,
FOSGP.5T8.F600.M,CZE,2007,7.113969802856445,,
FOSGP.5T8.F600.M,CZE,2008,8.394430160522461,,
FOSGP.5T8.F600.M,CZE,2009,8.918310165405273,,
FOSGP.5T8.F600.M,CZE,2010,8.623880386352539,,
FOSGP.5T8.F600.M,CZE,2011,8.923850059509277,,
FOSGP.5T8.F600.M,CZE,2012,9.619629859924316,,
FOSGP.5T8.F600.M,CZE,2013,10.60482978820801,,
FOSGP.5T8.F600.M,CZE,2014,8.911629676818848,,
FOSGP.5T8.F600.M,CZE,2015,8.59473991394043,,
FOSGP.5T8.F600.M,CZE,2016,8.634320259094238,,
FOSGP.5T8.F600.M,CZE,2017,9.906180381774902,,
FOSGP.5T8.F600.M,CZE,2018,10.59817981719971,,
FOSGP.5T8.F600.M,CZE,2019,10.67975044250488,,
FOSGP.5T8.F600.M,CZE,2020,10.80768013000488,,
FOSGP.5T8.F600.M,CZE,2021,11.36859035491943,,
FOSGP.5T8.F600.M,CZE,2022,11.51648998260498,,
FOSGP.5T8.F600.M,DEU,2000,3.615920066833496,,
FOSGP.5T8.F600.M,DEU,2001,3.866499900817871,,
FOSGP.5T8.F600.M,DEU,2002,4.439680099487305,,
FOSGP.5T8.F600.M,DEU,2015,7.50806999206543,,
FOSGP.5T8.F600.M,DEU,2016,7.556159973144531,,
FOSGP.5T8.F600.M,DEU,2017,7.744319915771484,,
FOSGP.5T8.F600.M,DEU,2018,8.034919738769531,,
FOSGP.5T8.F600.M,DEU,2019,7.149159908294678,,
FOSGP.5T8.F600.M,DEU,2020,7.670939922332764,,
FOSGP.5T8.F600.M,DEU,2021,8.053890228271484,,
FOSGP.5T8.F600.M,DEU,2022,8.703370094299316,,
FOSGP.5T8.F600.M,DNK,2000,4.692039966583252,,
FOSGP.5T8.F600.M,DNK,2001,5.92618989944458,,
FOSGP.5T8.F600.M,DNK,2002,7.900440216064453,,
FOSGP.5T8.F600.M,DNK,2003,7.934999942779541,,
FOSGP.5T8.F600.M,DNK,2004,8.667880058288574,,
FOSGP.5T8.F600.M,DNK,2005,7.223720073699951,,
FOSGP.5T8.F600.M,DNK,2006,6.319159984588623,,
FOSGP.5T8.F600.M,DNK,2007,5.707039833068848,,
FOSGP.5T8.F600.M,DNK,2008,5.721499919891357,,
FOSGP.5T8.F600.M,DNK,2009,6.507840156555176,,
FOSGP.5T8.F600.M,DNK,2010,7.656310081481934,,
FOSGP.5T8.F600.M,DNK,2011,7.519909858703613,,
FOSGP.5T8.F600.M,DNK,2012,7.904059886932373,,
FOSGP.5T8.F600.M,DNK,2013,7.89976978302002,,
FOSGP.5T8.F600.M,DNK,2014,8.096019744873047,,
FOSGP.5T8.F600.M,DNK,2015,8.262760162353516,,
FOSGP.5T8.F600.M,DNK,2016,8.186220169067383,,
FOSGP.5T8.F600.M,DNK,2017,8.285929679870605,,
FOSGP.5T8.F600.M,DNK,2018,8.318710327148438,,
FOSGP.5T8.F600.M,DNK,2019,8.548150062561035,,
FOSGP.5T8.F600.M,DNK,2020,9.326950073242188,,
FOSGP.5T8.F600.M,DNK,2021,9.58158016204834,,
FOSGP.5T8.F600.M,DNK,2023,10.30016040802002,,
FOSGP.5T8.F600.M,DOM,2015,14.36690998077393,,
FOSGP.5T8.F600.M,DOM,2016,9.85280990600586,,
FOSGP.5T8.F600.M,DOM,2017,6.59168004989624,,
FOSGP.5T8.F600.M,DOM,2020,11.10389995574951,,
FOSGP.5T8.F600.M,DOM,2021,11.60770034790039,,
FOSGP.5T8.F600.M,DOM,2022,12.00102043151855,,
FOSGP.5T8.F600.M,DZA,2007,5.50629997253418,,
FOSGP.5T8.F600.M,DZA,2009,5.041369915008545,,
FOSGP.5T8.F600.M,DZA,2010,5.890769958496094,,
FOSGP.5T8.F600.M,DZA,2011,5.647439956665039,,
FOSGP.5T8.F600.M,DZA,2015,3.684799909591675,,
FOSGP.5T8.F600.M,DZA,2016,3.216730117797852,,
FOSGP.5T8.F600.M,DZA,2018,3.772589921951294,,
FOSGP.5T8.F600.M,DZA,2019,4.81620979309082,,
FOSGP.5T8.F600.M,DZA,2021,3.573669910430908,,
FOSGP.5T8.F600.M,DZA,2022,3.438760042190552,,
FOSGP.5T8.F600.M,DZA,2023,4.121449947357178,,
FOSGP.5T8.F600.M,ECU,2007,4.784649848937988,,
FOSGP.5T8.F600.M,ECU,2008,6.68625020980835,,
FOSGP.5T8.F600.M,ECU,2014,6.355169773101807,,
FOSGP.5T8.F600.M,ECU,2015,7.4027099609375,,
FOSGP.5T8.F600.M,ECU,2016,6.668529987335205,,
FOSGP.5T8.F600.M,ECU,2018,0.3197300136089325,UIS_EST,
FOSGP.5T8.F600.M,ECU,2019,0.5897300243377686,,
FOSGP.5T8.F600.M,ECU,2020,2.585969924926758,,
FOSGP.5T8.F600.M,ECU,2022,3.92389988899231,,
FOSGP.5T8.F600.M,EGY,2016,1.979030013084412,,
FOSGP.5T8.F600.M,EGY,2022,8.511409759521484,,
FOSGP.5T8.F600.M,EGY,2023,8.691940307617188,,
FOSGP.5T8.F600.M,EGY,2024,1.785590052604675,,
FOSGP.5T8.F600.M,ERI,2000,0,,NIL
FOSGP.5T8.F600.M,ERI,2002,0,,NIL
FOSGP.5T8.F600.M,ERI,2003,1.220749974250793,,
FOSGP.5T8.F600.M,ERI,2004,2.607079982757568,,
FOSGP.5T8.F600.M,ERI,2016,0.5545300245285034,,
FOSGP.5T8.F600.M,ESP,2000,7.566440105438232,,
FOSGP.5T8.F600.M,ESP,2001,8.855870246887207,,
FOSGP.5T8.F600.M,ESP,2002,9.900460243225098,,
FOSGP.5T8.F600.M,ESP,2003,11.66228008270264,,
FOSGP.5T8.F600.M,ESP,2004,12.18887996673584,,
FOSGP.5T8.F600.M,ESP,2005,12.06515026092529,,
FOSGP.5T8.F600.M,ESP,2006,11.63049983978271,,
FOSGP.5T8.F600.M,ESP,2007,10.93527030944824,,
FOSGP.5T8.F600.M,ESP,2008,10.26784038543701,,
FOSGP.5T8.F600.M,ESP,2009,10.10813999176025,,
FOSGP.5T8.F600.M,ESP,2010,9.66547966003418,,
FOSGP.5T8.F600.M,ESP,2011,8.355409622192383,,
FOSGP.5T8.F600.M,ESP,2012,6.582280158996582,,
FOSGP.5T8.F600.M,ESP,2013,8.027250289916992,,
FOSGP.5T8.F600.M,ESP,2014,7.829239845275879,,
FOSGP.5T8.F600.M,ESP,2015,7.591499805450439,,
FOSGP.5T8.F600.M,ESP,2016,7.55511999130249,,
FOSGP.5T8.F600.M,ESP,2017,7.813829898834229,,
FOSGP.5T8.F600.M,ESP,2018,7.918920040130615,,
FOSGP.5T8.F600.M,ESP,2020,8.092829704284668,,
FOSGP.5T8.F600.M,ESP,2021,9.617600440979004,,
FOSGP.5T8.F600.M,ESP,2022,10.38411045074463,,
FOSGP.5T8.F600.M,EST,2000,5.430240154266357,,
FOSGP.5T8.F600.M,EST,2001,5.34496021270752,,
FOSGP.5T8.F600.M,EST,2002,6.844880104064941,,
FOSGP.5T8.F600.M,EST,2003,8.50780963897705,,
FOSGP.5T8.F600.M,EST,2004,10.59512042999268,,
FOSGP.5T8.F600.M,EST,2005,12.6564302444458,,
FOSGP.5T8.F600.M,EST,2006,11.94797039031982,,
FOSGP.5T8.F600.M,EST,2007,13.45909023284912,,
FOSGP.5T8.F600.M,EST,2008,12.00459957122803,,
FOSGP.5T8.F600.M,EST,2009,11.19270992279053,,
FOSGP.5T8.F600.M,EST,2010,12.07857036590576,,
FOSGP.5T8.F600.M,EST,2011,11.329270362854,,
FOSGP.5T8.F600.M,EST,2012,12.09352016448975,,
FOSGP.5T8.F600.M,EST,2013,11.6080904006958,,
FOSGP.5T8.F600.M,EST,2014,11.18247985839844,,
FOSGP.5T8.F600.M,EST,2015,10.13438034057617,,
FOSGP.5T8.F600.M,EST,2016,12.88924980163574,,
FOSGP.5T8.F600.M,EST,2017,14.34634971618652,,
FOSGP.5T8.F600.M,EST,2018,12.61876010894775,,
FOSGP.5T8.F600.M,EST,2019,13.75113964080811,,
FOSGP.5T8.F600.M,EST,2020,14.73307037353516,,
FOSGP.5T8.F600.M,EST,2021,18.38859939575195,,
FOSGP.5T8.F600.M,EST,2022,17.34033012390137,,
FOSGP.5T8.F600.M,ETH,2000,0.1965699940919876,,
FOSGP.5T8.F600.M,ETH,2002,2.185559988021851,,
FOSGP.5T8.F600.M,ETH,2003,2.737040042877197,,
FOSGP.5T8.F600.M,ETH,2004,4.284249782562256,,
FOSGP.5T8.F600.M,ETH,2005,2.079740047454834,,
FOSGP.5T8.F600.M,ETH,2008,3.021009922027588,,
FOSGP.5T8.F600.M,FIN,2000,5.57682991027832,,
FOSGP.5T8.F600.M,FIN,2001,5.49174976348877,,
FOSGP.5T8.F600.M,FIN,2002,5.607920169830322,,
FOSGP.5T8.F600.M,FIN,2003,6.783150196075439,,
FOSGP.5T8.F600.M,FIN,2004,7.046219825744629,,
FOSGP.5T8.F600.M,FIN,2009,5.94996976852417,,
FOSGP.5T8.F600.M,FIN,2010,5.824769973754883,,
FOSGP.5T8.F600.M,FIN,2011,6.051630020141602,,
FOSGP.5T8.F600.M,FIN,2012,5.822350025177002,,
FOSGP.5T8.F600.M,FIN,2013,5.746089935302734,,
FOSGP.5T8.F600.M,FIN,2014,6.000659942626953,,
FOSGP.5T8.F600.M,FIN,2015,13.41211986541748,,
FOSGP.5T8.F600.M,FIN,2016,13.77873039245605,,
FOSGP.5T8.F600.M,FIN,2017,12.57005023956299,,
FOSGP.5T8.F600.M,FIN,2018,13.79251003265381,,
FOSGP.5T8.F600.M,FIN,2019,14.05640983581543,,
FOSGP.5T8.F600.M,FIN,2020,13.92975044250488,,
FOSGP.5T8.F600.M,FIN,2021,14.38815021514893,,
FOSGP.5T8.F600.M,FIN,2022,15.23456001281738,,
FOSGP.5T8.F600.M,FJI,2019,2.834569931030273,,
FOSGP.5T8.F600.M,FRA,2000,5.24940013885498,,
FOSGP.5T8.F600.M,FRA,2002,6.394999980926514,,
FOSGP.5T8.F600.M,FRA,2003,6.446939945220947,,
FOSGP.5T8.F600.M,FRA,2004,8.064539909362793,,
FOSGP.5T8.F600.M,FRA,2006,7.502019882202148,,
FOSGP.5T8.F600.M,FRA,2007,7.224299907684326,,
FOSGP.5T8.F600.M,FRA,2008,7.444049835205078,,
FOSGP.5T8.F600.M,FRA,2009,7.441070079803467,,
FOSGP.5T8.F600.M,FRA,2012,7.511260032653809,,
FOSGP.5T8.F600.M,FRA,2013,5.737569808959961,,
FOSGP.5T8.F600.M,FRA,2014,5.668920040130615,,
FOSGP.5T8.F600.M,FRA,2015,5.795519828796387,,
FOSGP.5T8.F600.M,FRA,2016,5.771070003509521,,
FOSGP.5T8.F600.M,FRA,2018,6.426889896392822,,
FOSGP.5T8.F600.M,FRA,2019,6.574699878692627,,
FOSGP.5T8.F600.M,FRA,2020,6.582680225372314,,
FOSGP.5T8.F600.M,FRA,2021,6.465829849243164,,
FOSGP.5T8.F600.M,FRA,2022,7.629759788513184,,
FOSGP.5T8.F600.M,GBR,2000,8.103260040283203,,
FOSGP.5T8.F600.M,GBR,2001,9.76198959350586,,
FOSGP.5T8.F600.M,GBR,2002,10.7416296005249,,
FOSGP.5T8.F600.M,GBR,2003,11.43126010894775,,
FOSGP.5T8.F600.M,GBR,2004,11.01451969146729,,
FOSGP.5T8.F600.M,GBR,2005,10.78804969787598,,
FOSGP.5T8.F600.M,GBR,2006,9.879579544067383,,
FOSGP.5T8.F600.M,GBR,2007,9.09354019165039,,
FOSGP.5T8.F600.M,GBR,2008,8.140700340270996,,
FOSGP.5T8.F600.M,GBR,2009,7.611589908599854,,
FOSGP.5T8.F600.M,GBR,2010,7.630780220031738,,
FOSGP.5T8.F600.M,GBR,2011,7.622620105743408,,
FOSGP.5T8.F600.M,GBR,2012,7.278629779815674,,
FOSGP.5T8.F600.M,GBR,2013,6.756380081176758,,
FOSGP.5T8.F600.M,GBR,2014,6.598609924316406,,
FOSGP.5T8.F600.M,GBR,2015,6.80525016784668,,
FOSGP.5T8.F600.M,GBR,2016,6.819530010223389,,
FOSGP.5T8.F600.M,GBR,2019,7.693230152130127,,
FOSGP.5T8.F600.M,GBR,2020,8.270190238952637,,
FOSGP.5T8.F600.M,GBR,2021,8.118189811706543,,
FOSGP.5T8.F600.M,GEO,2000,0.8764899969100952,,
FOSGP.5T8.F600.M,GEO,2001,0.0441000014543533,,
FOSGP.5T8.F600.M,GEO,2002,0.0380199998617172,,
FOSGP.5T8.F600.M,GEO,2003,0.1078099980950356,,
FOSGP.5T8.F600.M,GEO,2004,0.0625199973583221,,
FOSGP.5T8.F600.M,GEO,2006,0.2845000028610229,,
FOSGP.5T8.F600.M,GEO,2007,1.770750045776367,,
FOSGP.5T8.F600.M,GEO,2010,7.616740226745605,,
FOSGP.5T8.F600.M,GEO,2012,7.786719799041748,,
FOSGP.5T8.F600.M,GEO,2016,9.276969909667969,,
FOSGP.5T8.F600.M,GEO,2017,6.870550155639648,,
FOSGP.5T8.F600.M,GEO,2018,5.976059913635254,,
FOSGP.5T8.F600.M,GEO,2019,8.646550178527832,,
FOSGP.5T8.F600.M,GEO,2020,5.429619789123535,,
FOSGP.5T8.F600.M,GEO,2021,7.292799949645996,,
FOSGP.5T8.F600.M,GEO,2022,5.557320117950439,,
FOSGP.5T8.F600.M,GEO,2023,9.114709854125977,,
FOSGP.5T8.F600.M,GHA,2015,2.696049928665161,,
FOSGP.5T8.F600.M,GHA,2016,0.485260009765625,,
FOSGP.5T8.F600.M,GHA,2017,0.1826300024986267,,
FOSGP.5T8.F600.M,GHA,2018,4.308159828186035,,
FOSGP.5T8.F600.M,GHA,2019,5.273980140686035,,
FOSGP.5T8.F600.M,GHA,2020,6.713729858398438,,
FOSGP.5T8.F600.M,GHA,2021,7.334330081939697,,
FOSGP.5T8.F600.M,GHA,2022,6.585020065307617,,
FOSGP.5T8.F600.M,GHA,2023,7.964240074157715,,
FOSGP.5T8.F600.M,GIB,2000,0,,NA
FOSGP.5T8.F600.M,GIB,2001,0,,NA
FOSGP.5T8.F600.M,GIB,2002,0,,NA
FOSGP.5T8.F600.M,GIB,2003,0,,NA
FOSGP.5T8.F600.M,GIB,2004,0,,NA
FOSGP.5T8.F600.M,GIB,2005,0,,NA
FOSGP.5T8.F600.M,GIB,2006,0,,NA
FOSGP.5T8.F600.M,GIB,2008,0,,NA
FOSGP.5T8.F600.M,GIB,2009,0,,NA
FOSGP.5T8.F600.M,GIB,2010,0,,NA
FOSGP.5T8.F600.M,GIB,2020,0,,NA
FOSGP.5T8.F600.M,GMB,2004,0,,NA
FOSGP.5T8.F600.M,GMB,2011,45.39117050170898,,
FOSGP.5T8.F600.M,GRC,2004,6.689690113067627,,
FOSGP.5T8.F600.M,GRC,2005,9.006549835205078,,
FOSGP.5T8.F600.M,GRC,2007,3.220930099487305,,
FOSGP.5T8.F600.M,GRC,2008,6.109340190887451,,
FOSGP.5T8.F600.M,GRC,2010,7.62608003616333,,
FOSGP.5T8.F600.M,GRC,2011,7.429989814758301,,
FOSGP.5T8.F600.M,GRC,2012,7.934750080108643,,
FOSGP.5T8.F600.M,GRC,2013,7.599569797515869,,
FOSGP.5T8.F600.M,GRC,2014,6.68543004989624,,
FOSGP.5T8.F600.M,GRC,2016,4.752540111541748,,
FOSGP.5T8.F600.M,GRC,2017,4.456850051879883,,
FOSGP.5T8.F600.M,GRC,2018,4.602099895477295,,
FOSGP.5T8.F600.M,GRC,2019,5.422389984130859,,
FOSGP.5T8.F600.M,GRC,2020,5.638229846954346,,
FOSGP.5T8.F600.M,GRC,2021,5.663380146026611,,
FOSGP.5T8.F600.M,GRC,2022,5.905189990997314,,
FOSGP.5T8.F600.M,GRD,2015,4.245810031890869,,
FOSGP.5T8.F600.M,GRD,2017,5.620160102844238,,
FOSGP.5T8.F600.M,GRD,2018,5.817170143127441,,
FOSGP.5T8.F600.M,GTM,2002,0,,NA
FOSGP.5T8.F600.M,GTM,2007,0,,NIL
FOSGP.5T8.F600.M,GTM,2014,3.141129970550537,,
FOSGP.5T8.F600.M,GTM,2015,3.015000104904175,,
FOSGP.5T8.F600.M,GUY,2005,15.35836029052734,,
FOSGP.5T8.F600.M,GUY,2006,8.845210075378418,,
FOSGP.5T8.F600.M,GUY,2007,12.42105007171631,,
FOSGP.5T8.F600.M,GUY,2008,5.152669906616211,,
FOSGP.5T8.F600.M,GUY,2009,9.600000381469727,,
FOSGP.5T8.F600.M,GUY,2010,8.333330154418945,,
FOSGP.5T8.F600.M,GUY,2011,8.716710090637207,,
FOSGP.5T8.F600.M,GUY,2012,12.55410957336426,,
FOSGP.5T8.F600.M,HKG,2003,7.759399890899658,NAT_EST,
FOSGP.5T8.F600.M,HKG,2004,14.06480026245117,,
FOSGP.5T8.F600.M,HKG,2005,14.83302021026611,,
FOSGP.5T8.F600.M,HKG,2006,14.10781955718994,,
FOSGP.5T8.F600.M,HND,2003,1.709400057792664,,
FOSGP.5T8.F600.M,HND,2012,6.64424991607666,,
FOSGP.5T8.F600.M,HND,2015,6.587220191955566,,
FOSGP.5T8.F600.M,HND,2016,5.774580001831055,,
FOSGP.5T8.F600.M,HND,2017,5.635290145874023,,
FOSGP.5T8.F600.M,HND,2018,6.265140056610107,,
FOSGP.5T8.F600.M,HND,2019,6.679659843444824,,
FOSGP.5T8.F600.M,HRV,2001,3.421289920806885,,
FOSGP.5T8.F600.M,HRV,2002,4.780029773712158,,
FOSGP.5T8.F600.M,HRV,2003,5.232810020446777,,
FOSGP.5T8.F600.M,HRV,2005,4.791460037231445,,
FOSGP.5T8.F600.M,HRV,2006,4.406260013580322,,
FOSGP.5T8.F600.M,HRV,2007,5.588079929351807,,
FOSGP.5T8.F600.M,HRV,2008,8.721659660339355,,
FOSGP.5T8.F600.M,HRV,2009,8.0306396484375,,
FOSGP.5T8.F600.M,HRV,2010,4.725100040435791,,
FOSGP.5T8.F600.M,HRV,2012,7.899610042572021,,
FOSGP.5T8.F600.M,HRV,2014,6.496260166168213,,
FOSGP.5T8.F600.M,HRV,2015,8.194250106811523,,
FOSGP.5T8.F600.M,HRV,2016,9.241239547729492,,
FOSGP.5T8.F600.M,HRV,2017,10.80253982543945,,
FOSGP.5T8.F600.M,HRV,2018,8.008529663085938,,
FOSGP.5T8.F600.M,HRV,2019,8.47665023803711,,
FOSGP.5T8.F600.M,HRV,2020,9.243450164794922,,
FOSGP.5T8.F600.M,HRV,2022,9.789819717407227,,
FOSGP.5T8.F600.M,HUN,2000,1.773450016975403,,
FOSGP.5T8.F600.M,HUN,2001,2.292779922485352,,
FOSGP.5T8.F600.M,HUN,2002,2.854130029678345,,
FOSGP.5T8.F600.M,HUN,2003,2.21222996711731,,
FOSGP.5T8.F600.M,HUN,2004,3.705070018768311,,
FOSGP.5T8.F600.M,HUN,2005,3.952290058135986,,
FOSGP.5T8.F600.M,HUN,2006,9.595669746398926,,
FOSGP.5T8.F600.M,HUN,2008,9.978910446166992,,
FOSGP.5T8.F600.M,HUN,2009,7.887050151824951,,
FOSGP.5T8.F600.M,HUN,2010,7.430399894714355,,
FOSGP.5T8.F600.M,HUN,2011,7.351809978485107,,
FOSGP.5T8.F600.M,HUN,2012,6.426479816436768,,
FOSGP.5T8.F600.M,HUN,2013,6.744239807128906,,
FOSGP.5T8.F600.M,HUN,2014,6.727149963378906,,
FOSGP.5T8.F600.M,HUN,2015,4.647510051727295,,
FOSGP.5T8.F600.M,HUN,2016,9.07606029510498,,
FOSGP.5T8.F600.M,HUN,2017,9.09237003326416,,
FOSGP.5T8.F600.M,HUN,2018,9.632390022277832,,
FOSGP.5T8.F600.M,HUN,2019,9.99843978881836,,
FOSGP.5T8.F600.M,HUN,2020,6.76230001449585,,
FOSGP.5T8.F600.M,HUN,2021,11.59595012664795,,
FOSGP.5T8.F600.M,HUN,2022,13.52705955505371,,
FOSGP.5T8.F600.M,IDN,2015,13.53995037078857,,
FOSGP.5T8.F600.M,IDN,2016,14.73715019226074,,
FOSGP.5T8.F600.M,IDN,2017,12.6928596496582,,
FOSGP.5T8.F600.M,IDN,2018,13.05311965942383,,
FOSGP.5T8.F600.M,IND,2013,6.152120113372803,,
FOSGP.5T8.F600.M,IND,2014,7.611839771270752,,
FOSGP.5T8.F600.M,IND,2015,7.772130012512207,,
FOSGP.5T8.F600.M,IND,2016,7.049880027770996,,
FOSGP.5T8.F600.M,IND,2017,5.292280197143555,,
FOSGP.5T8.F600.M,IND,2018,5.171450138092041,,
FOSGP.5T8.F600.M,IND,2019,5.494440078735352,,
FOSGP.5T8.F600.M,IND,2020,5.20743989944458,,
FOSGP.5T8.F600.M,IND,2021,4.689229965209961,,
FOSGP.5T8.F600.M,IND,2022,4.799349784851074,,
FOSGP.5T8.F600.M,IND,2023,4.557449817657471,,
FOSGP.5T8.F600.M,IRL,2000,14.13965034484863,,
FOSGP.5T8.F600.M,IRL,2001,14.86587047576904,,
FOSGP.5T8.F600.M,IRL,2002,15.75704002380371,,
FOSGP.5T8.F600.M,IRL,2003,15.76893043518066,,
FOSGP.5T8.F600.M,IRL,2004,12.68274021148682,,
FOSGP.5T8.F600.M,IRL,2009,6.796710014343262,,
FOSGP.5T8.F600.M,IRL,2010,5.605030059814453,,
FOSGP.5T8.F600.M,IRL,2012,3.892819881439209,,
FOSGP.5T8.F600.M,IRL,2013,8.403690338134766,,
FOSGP.5T8.F600.M,IRL,2014,9.18772029876709,,
FOSGP.5T8.F600.M,IRL,2015,10.78829956054688,,
FOSGP.5T8.F600.M,IRL,2016,11.47889995574951,,
FOSGP.5T8.F600.M,IRL,2018,12.9195499420166,,
FOSGP.5T8.F600.M,IRL,2019,12.73567962646484,,
FOSGP.5T8.F600.M,IRL,2020,13.7493896484375,,
FOSGP.5T8.F600.M,IRL,2021,12.79014015197754,,
FOSGP.5T8.F600.M,IRL,2022,12.71934986114502,,
FOSGP.5T8.F600.M,IRN,2004,4.296040058135986,,
FOSGP.5T8.F600.M,IRN,2005,0.7144299745559692,,
FOSGP.5T8.F600.M,IRN,2006,0.1862200051546097,,
FOSGP.5T8.F600.M,IRN,2007,0.7144299745559692,,
FOSGP.5T8.F600.M,IRN,2009,0.7381100058555603,,
FOSGP.5T8.F600.M,IRN,2011,0.1390600055456161,,
FOSGP.5T8.F600.M,IRN,2012,0.1048099994659424,,
FOSGP.5T8.F600.M,IRN,2015,8.476880073547363,,
FOSGP.5T8.F600.M,IRN,2016,8.828410148620605,,
FOSGP.5T8.F600.M,IRN,2017,8.281439781188965,,
FOSGP.5T8.F600.M,IRN,2018,7.345940113067627,,
FOSGP.5T8.F600.M,IRN,2019,7.07082986831665,,
FOSGP.5T8.F600.M,IRN,2020,6.968100070953369,,
FOSGP.5T8.F600.M,IRN,2021,5.428070068359375,,
FOSGP.5T8.F600.M,IRN,2022,5.315999984741211,,
FOSGP.5T8.F600.M,IRQ,2004,0.3234499990940094,,
FOSGP.5T8.F600.M,ISL,2000,14.21800994873047,,
FOSGP.5T8.F600.M,ISL,2001,15.34527015686035,,
FOSGP.5T8.F600.M,ISL,2002,15.9574499130249,,
FOSGP.5T8.F600.M,ISL,2003,11.67963981628418,,
FOSGP.5T8.F600.M,ISL,2004,12.82859992980957,,
FOSGP.5T8.F600.M,ISL,2005,8.746049880981445,,
FOSGP.5T8.F600.M,ISL,2006,8.064519882202148,,
FOSGP.5T8.F600.M,ISL,2007,5.958549976348877,,
FOSGP.5T8.F600.M,ISL,2008,6.341460227966309,,
FOSGP.5T8.F600.M,ISL,2009,6.11205005645752,,
FOSGP.5T8.F600.M,ISL,2010,4.53879976272583,,
FOSGP.5T8.F600.M,ISL,2018,11.38377952575684,,
FOSGP.5T8.F600.M,ISL,2019,11.84739017486572,,
FOSGP.5T8.F600.M,ISL,2020,12.45084953308105,,
FOSGP.5T8.F600.M,ISL,2021,9.259260177612305,,
FOSGP.5T8.F600.M,ISL,2022,9.246580123901367,,
FOSGP.5T8.F600.M,ISR,2020,10.19266986846924,,
FOSGP.5T8.F600.M,ISR,2021,10.84245014190674,,
FOSGP.5T8.F600.M,ISR,2022,11.04106044769287,,
FOSGP.5T8.F600.M,ITA,2000,1.327209949493408,,
FOSGP.5T8.F600.M,ITA,2001,1.263460040092468,,
FOSGP.5T8.F600.M,ITA,2002,1.914369940757751,,
FOSGP.5T8.F600.M,ITA,2003,2.120620012283325,,
FOSGP.5T8.F600.M,ITA,2004,2.069220066070557,,
FOSGP.5T8.F600.M,ITA,2005,2.043100118637085,,
FOSGP.5T8.F600.M,ITA,2006,2.305210113525391,,
FOSGP.5T8.F600.M,ITA,2007,2.346159934997559,,
FOSGP.5T8.F600.M,ITA,2008,2.103120088577271,,
FOSGP.5T8.F600.M,ITA,2011,2.134769916534424,,
FOSGP.5T8.F600.M,ITA,2012,2.116990089416504,,
FOSGP.5T8.F600.M,ITA,2013,2.026390075683594,,
FOSGP.5T8.F600.M,ITA,2014,1.906790018081665,,
FOSGP.5T8.F600.M,ITA,2015,6.095660209655762,,
FOSGP.5T8.F600.M,ITA,2016,2.046910047531128,,
FOSGP.5T8.F600.M,ITA,2018,2.38467001914978,,
FOSGP.5T8.F600.M,ITA,2019,2.539469957351685,,
FOSGP.5T8.F600.M,ITA,2020,2.766390085220337,,
FOSGP.5T8.F600.M,ITA,2021,2.890330076217651,,
FOSGP.5T8.F600.M,ITA,2022,2.899830102920532,,
FOSGP.5T8.F600.M,JOR,2004,0,,NIL
FOSGP.5T8.F600.M,JOR,2005,0,,NIL
FOSGP.5T8.F600.M,JOR,2007,0.0267999991774559,,
FOSGP.5T8.F600.M,JOR,2020,10.11769008636475,,
FOSGP.5T8.F600.M,JOR,2021,0,,NIL
FOSGP.5T8.F600.M,JOR,2022,4.275740146636963,,
FOSGP.5T8.F600.M,JOR,2023,12.22146987915039,,
FOSGP.5T8.F600.M,KAZ,2016,7.267940044403076,,
FOSGP.5T8.F600.M,KAZ,2017,2.741830110549927,,
FOSGP.5T8.F600.M,KAZ,2018,2.941999912261963,,
FOSGP.5T8.F600.M,KAZ,2019,4.574950218200684,,
FOSGP.5T8.F600.M,KAZ,2020,4.700260162353516,,
FOSGP.5T8.F600.M,KEN,2000,1.352570056915283,,
FOSGP.5T8.F600.M,KEN,2001,1.337039947509766,,
FOSGP.5T8.F600.M,KGZ,2001,0.0465399995446205,,
FOSGP.5T8.F600.M,KGZ,2002,1.881880044937134,,
FOSGP.5T8.F600.M,KGZ,2003,3.039870023727417,,
FOSGP.5T8.F600.M,KGZ,2004,3.842910051345825,,
FOSGP.5T8.F600.M,KGZ,2005,4.09607982635498,,
FOSGP.5T8.F600.M,KGZ,2006,5.501480102539063,,
FOSGP.5T8.F600.M,KGZ,2007,5.881929874420166,,
FOSGP.5T8.F600.M,KGZ,2008,4.406799793243408,,
FOSGP.5T8.F600.M,KGZ,2009,5.63306999206543,,
FOSGP.5T8.F600.M,KGZ,2010,5.707399845123291,,
FOSGP.5T8.F600.M,KGZ,2011,5.373449802398682,NAT_EST,
FOSGP.5T8.F600.M,KGZ,2012,4.649350166320801,,
FOSGP.5T8.F600.M,KGZ,2015,3.124140024185181,,
FOSGP.5T8.F600.M,KGZ,2016,4.20044994354248,,
FOSGP.5T8.F600.M,KGZ,2017,5.41871976852417,,
FOSGP.5T8.F600.M,KGZ,2018,5.136559963226318,,
FOSGP.5T8.F600.M,KGZ,2019,6.340640068054199,,
FOSGP.5T8.F600.M,KGZ,2020,5.990779876708984,,
FOSGP.5T8.F600.M,KGZ,2021,5.475820064544678,,
FOSGP.5T8.F600.M,KGZ,2022,5.53695011138916,,
FOSGP.5T8.F600.M,KGZ,2023,6.481750011444092,,
FOSGP.5T8.F600.M,KGZ,2024,6.36023998260498,,
FOSGP.5T8.F600.M,KHM,2000,1.585729956626892,,
FOSGP.5T8.F600.M,KHM,2001,3.224280118942261,,
FOSGP.5T8.F600.M,KHM,2002,9.282340049743652,,
FOSGP.5T8.F600.M,KHM,2004,14.18472957611084,,
FOSGP.5T8.F600.M,KHM,2007,10.21415042877197,,
FOSGP.5T8.F600.M,KHM,2008,8.491499900817871,,
FOSGP.5T8.F600.M,KHM,2019,14.5460901260376,,
FOSGP.5T8.F600.M,KIR,2008,0,,NA
FOSGP.5T8.F600.M,KIR,2012,0,,NA
FOSGP.5T8.F600.M,KOR,2000,3.745949983596802,,
FOSGP.5T8.F600.M,KOR,2001,2.945120096206665,,
FOSGP.5T8.F600.M,KOR,2002,7.628509998321533,,
FOSGP.5T8.F600.M,KOR,2003,6.218389987945557,,
FOSGP.5T8.F600.M,KOR,2004,7.12568998336792,,
FOSGP.5T8.F600.M,KOR,2006,4.743040084838867,,
FOSGP.5T8.F600.M,KOR,2007,5.178939819335938,,
FOSGP.5T8.F600.M,KOR,2008,5.55689001083374,,
FOSGP.5T8.F600.M,KOR,2009,4.977590084075928,,
FOSGP.5T8.F600.M,KOR,2011,4.543859958648682,,
FOSGP.5T8.F600.M,KOR,2015,3.176789999008179,,
FOSGP.5T8.F600.M,KOR,2016,3.171159982681274,,
FOSGP.5T8.F600.M,KOR,2017,6.965449810028076,,
FOSGP.5T8.F600.M,KOR,2019,7.189380168914795,,
FOSGP.5T8.F600.M,KOR,2020,7.188240051269531,,
FOSGP.5T8.F600.M,KOR,2021,7.290919780731201,,
FOSGP.5T8.F600.M,KOR,2022,7.266049861907959,,
FOSGP.5T8.F600.M,LAO,2001,0,,NIL
FOSGP.5T8.F600.M,LAO,2004,0,,NIL
FOSGP.5T8.F600.M,LAO,2005,0,,NA
FOSGP.5T8.F600.M,LAO,2009,1.250910043716431,,
FOSGP.5T8.F600.M,LAO,2011,3.425420045852661,,
FOSGP.5T8.F600.M,LAO,2012,3.98882007598877,,
FOSGP.5T8.F600.M,LAO,2015,6.077380180358887,,
FOSGP.5T8.F600.M,LAO,2016,6.110060214996338,,
FOSGP.5T8.F600.M,LAO,2017,7.397240161895752,,
FOSGP.5T8.F600.M,LAO,2018,9.829689979553223,,
FOSGP.5T8.F600.M,LAO,2019,10.94186019897461,,
FOSGP.5T8.F600.M,LBN,2000,6.917530059814453,,
FOSGP.5T8.F600.M,LBN,2001,4.48015022277832,,
FOSGP.5T8.F600.M,LBN,2002,6.13778018951416,,
FOSGP.5T8.F600.M,LBN,2004,7.827270030975342,,
FOSGP.5T8.F600.M,LBN,2005,4.029210090637207,,
FOSGP.5T8.F600.M,LBN,2006,4.619579792022705,,
FOSGP.5T8.F600.M,LBN,2007,6.084400177001953,,
FOSGP.5T8.F600.M,LBN,2008,4.719009876251221,,
FOSGP.5T8.F600.M,LBN,2009,4.43257999420166,,
FOSGP.5T8.F600.M,LBN,2010,3.460429906845093,,
FOSGP.5T8.F600.M,LBN,2011,3.249190092086792,,
FOSGP.5T8.F600.M,LBR,2000,3.992599964141846,,
FOSGP.5T8.F600.M,LCA,2023,13.96055030822754,,
FOSGP.5T8.F600.M,LIE,2003,19.56521987915039,,
FOSGP.5T8.F600.M,LIE,2004,0,,NIL
FOSGP.5T8.F600.M,LIE,2006,0,,NIL
FOSGP.5T8.F600.M,LIE,2007,0,,NIL
FOSGP.5T8.F600.M,LIE,2008,0,,NIL
FOSGP.5T8.F600.M,LIE,2009,0,,NIL
FOSGP.5T8.F600.M,LIE,2010,0,,NIL
FOSGP.5T8.F600.M,LIE,2011,8.888890266418457,,
FOSGP.5T8.F600.M,LIE,2012,0,,NIL
FOSGP.5T8.F600.M,LIE,2018,0,,NIL
FOSGP.5T8.F600.M,LIE,2019,0,,NIL
FOSGP.5T8.F600.M,LIE,2020,0,,NIL
FOSGP.5T8.F600.M,LKA,2015,10.28726005554199,,
FOSGP.5T8.F600.M,LKA,2016,10.07159042358398,,
FOSGP.5T8.F600.M,LKA,2017,11.6875696182251,,
FOSGP.5T8.F600.M,LKA,2018,11.77560043334961,,
FOSGP.5T8.F600.M,LKA,2019,12.48466968536377,,
FOSGP.5T8.F600.M,LKA,2020,12.02976989746094,,
FOSGP.5T8.F600.M,LKA,2021,13.44316959381104,,
FOSGP.5T8.F600.M,LKA,2022,12.49106979370117,,
FOSGP.5T8.F600.M,LKA,2023,14.950119972229,,
FOSGP.5T8.F600.M,LSO,2012,1.403929948806763,,
FOSGP.5T8.F600.M,LSO,2015,4.527810096740723,,
FOSGP.5T8.F600.M,LSO,2018,8.17844009399414,,
FOSGP.5T8.F600.M,LTU,2000,4.952280044555664,,
FOSGP.5T8.F600.M,LTU,2001,3.732530117034912,,
FOSGP.5T8.F600.M,LTU,2002,3.807630062103271,,
FOSGP.5T8.F600.M,LTU,2003,4.390900135040283,,
FOSGP.5T8.F600.M,LTU,2004,5.371119976043701,,
FOSGP.5T8.F600.M,LTU,2005,5.965970039367676,,
FOSGP.5T8.F600.M,LTU,2006,7.504769802093506,,
FOSGP.5T8.F600.M,LTU,2007,7.604619979858398,,
FOSGP.5T8.F600.M,LTU,2008,6.719419956207275,,
FOSGP.5T8.F600.M,LTU,2009,5.946730136871338,,
FOSGP.5T8.F600.M,LTU,2010,6.255259990692139,,
FOSGP.5T8.F600.M,LTU,2011,5.597770214080811,,
FOSGP.5T8.F600.M,LTU,2012,5.728280067443848,,
FOSGP.5T8.F600.M,LTU,2013,4.931930065155029,,
FOSGP.5T8.F600.M,LTU,2014,4.776289939880371,,
FOSGP.5T8.F600.M,LTU,2015,4.287049770355225,,
FOSGP.5T8.F600.M,LTU,2016,4.762330055236816,,
FOSGP.5T8.F600.M,LTU,2017,5.966770172119141,,
FOSGP.5T8.F600.M,LTU,2018,6.812940120697021,,
FOSGP.5T8.F600.M,LTU,2019,7.942609786987305,,
FOSGP.5T8.F600.M,LTU,2020,8.52400016784668,,
FOSGP.5T8.F600.M,LTU,2021,10.53153991699219,,
FOSGP.5T8.F600.M,LTU,2022,10.9257698059082,,
FOSGP.5T8.F600.M,LUX,2008,21.63743019104004,,
FOSGP.5T8.F600.M,LUX,2012,7.380070209503174,,
FOSGP.5T8.F600.M,LUX,2013,7.967030048370361,,
FOSGP.5T8.F600.M,LUX,2014,7.202879905700684,,
FOSGP.5T8.F600.M,LUX,2015,9.630459785461426,,
FOSGP.5T8.F600.M,LUX,2016,9.617759704589844,,
FOSGP.5T8.F600.M,LUX,2018,11.20584964752197,,
FOSGP.5T8.F600.M,LUX,2019,8.944100379943848,,
FOSGP.5T8.F600.M,LUX,2020,11.95265960693359,,
FOSGP.5T8.F600.M,LUX,2021,12.14286041259766,,
FOSGP.5T8.F600.M,LUX,2022,13.96702003479004,,
FOSGP.5T8.F600.M,LVA,2000,6.303719997406006,,
FOSGP.5T8.F600.M,LVA,2001,3.400680065155029,,
FOSGP.5T8.F600.M,LVA,2002,7.382430076599121,,
FOSGP.5T8.F600.M,LVA,2003,8.148030281066895,,
FOSGP.5T8.F600.M,LVA,2004,8.432089805603027,,
FOSGP.5T8.F600.M,LVA,2005,7.666319847106934,,
FOSGP.5T8.F600.M,LVA,2006,7.965970039367676,,
FOSGP.5T8.F600.M,LVA,2007,8.4031400680542,,
FOSGP.5T8.F600.M,LVA,2008,8.966719627380371,,
FOSGP.5T8.F600.M,LVA,2009,8.183279991149902,,
FOSGP.5T8.F600.M,LVA,2010,8.168089866638184,,
FOSGP.5T8.F600.M,LVA,2011,8.882909774780273,,
FOSGP.5T8.F600.M,LVA,2012,9.29932975769043,,
FOSGP.5T8.F600.M,LVA,2013,8.940299987792969,,
FOSGP.5T8.F600.M,LVA,2014,8.841059684753418,,
FOSGP.5T8.F600.M,LVA,2015,10.14960956573486,,
FOSGP.5T8.F600.M,LVA,2016,10.68729972839355,,
FOSGP.5T8.F600.M,LVA,2017,10.48583984375,,
FOSGP.5T8.F600.M,LVA,2018,9.972140312194824,,
FOSGP.5T8.F600.M,LVA,2019,9.315810203552246,,
FOSGP.5T8.F600.M,LVA,2020,10.22274971008301,,
FOSGP.5T8.F600.M,LVA,2021,10.95810985565186,,
FOSGP.5T8.F600.M,LVA,2022,12.30669021606445,,
FOSGP.5T8.F600.M,MAC,2005,5.380280017852783,,
FOSGP.5T8.F600.M,MAC,2006,5.31056022644043,,
FOSGP.5T8.F600.M,MAC,2007,3.688750028610229,,
FOSGP.5T8.F600.M,MAC,2008,4.213240146636963,,
FOSGP.5T8.F600.M,MAC,2009,4.298699855804443,,
FOSGP.5T8.F600.M,MAC,2010,4.949659824371338,,
FOSGP.5T8.F600.M,MAC,2011,8.771929740905762,,
FOSGP.5T8.F600.M,MAC,2012,6.922440052032471,,
FOSGP.5T8.F600.M,MAC,2015,6.690909862518311,,
FOSGP.5T8.F600.M,MAC,2016,6.065859794616699,,
FOSGP.5T8.F600.M,MAC,2017,6.60591983795166,,
FOSGP.5T8.F600.M,MAC,2018,6.645959854125977,,
FOSGP.5T8.F600.M,MAC,2019,6.798699855804443,,
FOSGP.5T8.F600.M,MAC,2020,6.602350234985352,,
FOSGP.5T8.F600.M,MAC,2021,6.640419960021973,,
FOSGP.5T8.F600.M,MAC,2022,8.749420166015625,,
FOSGP.5T8.F600.M,MAC,2023,10.62975025177002,,
FOSGP.5T8.F600.M,MAR,2001,2.196290016174316,,
FOSGP.5T8.F600.M,MAR,2007,10.44563007354736,,
FOSGP.5T8.F600.M,MAR,2008,21.29652976989746,,
FOSGP.5T8.F600.M,MAR,2009,16.36244010925293,NAT_EST,
FOSGP.5T8.F600.M,MAR,2010,16.63075065612793,,
FOSGP.5T8.F600.M,MAR,2015,2.292490005493164,,
FOSGP.5T8.F600.M,MAR,2016,5.292210102081299,,
FOSGP.5T8.F600.M,MAR,2017,4.02338981628418,,
FOSGP.5T8.F600.M,MAR,2019,4.470739841461182,,
FOSGP.5T8.F600.M,MAR,2020,4.539299964904785,,
FOSGP.5T8.F600.M,MAR,2021,9.451820373535156,,
FOSGP.5T8.F600.M,MAR,2022,9.564840316772461,,
FOSGP.5T8.F600.M,MAR,2023,9.118269920349121,,
FOSGP.5T8.F600.M,MCO,2000,0,,NA
FOSGP.5T8.F600.M,MCO,2001,0,,NA
FOSGP.5T8.F600.M,MCO,2002,0,,NA
FOSGP.5T8.F600.M,MCO,2003,0,,NA
FOSGP.5T8.F600.M,MCO,2004,0,,NA
FOSGP.5T8.F600.M,MCO,2005,0,,NA
FOSGP.5T8.F600.M,MCO,2006,0,,NA
FOSGP.5T8.F600.M,MCO,2007,0,,NA
FOSGP.5T8.F600.M,MCO,2008,0,,NA
FOSGP.5T8.F600.M,MCO,2009,0,,NA
FOSGP.5T8.F600.M,MCO,2010,0,,NA
FOSGP.5T8.F600.M,MCO,2011,0,,NA
FOSGP.5T8.F600.M,MCO,2016,0,,NIL
FOSGP.5T8.F600.M,MCO,2017,0,,NIL
FOSGP.5T8.F600.M,MCO,2018,0,,NIL
FOSGP.5T8.F600.M,MCO,2019,0,,NIL
FOSGP.5T8.F600.M,MCO,2020,0,,NIL
FOSGP.5T8.F600.M,MCO,2021,0,,NIL
FOSGP.5T8.F600.M,MCO,2022,0,,NIL
FOSGP.5T8.F600.M,MCO,2023,0,,NIL
FOSGP.5T8.F600.M,MCO,2024,0,,NIL
FOSGP.5T8.F600.M,MDA,2014,2.772639989852905,,
FOSGP.5T8.F600.M,MDA,2015,2.91117000579834,,
FOSGP.5T8.F600.M,MDA,2018,8.358779907226562,,
FOSGP.5T8.F600.M,MDA,2019,9.188599586486816,,
FOSGP.5T8.F600.M,MDA,2020,10.26000022888184,,
FOSGP.5T8.F600.M,MDA,2021,11.91648960113525,,
FOSGP.5T8.F600.M,MDA,2022,11.98630046844482,,
FOSGP.5T8.F600.M,MDA,2023,13.96405982971191,,
FOSGP.5T8.F600.M,MDG,2005,4.014530181884766,,
FOSGP.5T8.F600.M,MDG,2006,1.84240996837616,,
FOSGP.5T8.F600.M,MDG,2007,2.517669916152954,,
FOSGP.5T8.F600.M,MDG,2008,3.274879932403564,,
FOSGP.5T8.F600.M,MDG,2009,3.833940029144287,,
FOSGP.5T8.F600.M,MDG,2010,2.083869934082031,,
FOSGP.5T8.F600.M,MDG,2014,9.788330078125,,
FOSGP.5T8.F600.M,MDG,2015,10.60595035552979,,
FOSGP.5T8.F600.M,MDG,2016,9.647000312805176,,
FOSGP.5T8.F600.M,MDG,2017,9.203200340270996,,
FOSGP.5T8.F600.M,MDG,2018,12.63228034973145,,
FOSGP.5T8.F600.M,MDG,2019,10.79234027862549,,
FOSGP.5T8.F600.M,MDG,2020,9.920729637145996,,
FOSGP.5T8.F600.M,MDG,2022,10.3650598526001,,
FOSGP.5T8.F600.M,MDG,2023,9.582169532775879,,
FOSGP.5T8.F600.M,MDV,2000,0,,NA
FOSGP.5T8.F600.M,MDV,2001,0,,NA
FOSGP.5T8.F600.M,MDV,2002,0,,NA
FOSGP.5T8.F600.M,MDV,2003,0,,NA
FOSGP.5T8.F600.M,MDV,2017,9.710980415344238,,
FOSGP.5T8.F600.M,MDV,2019,5.925930023193359,,
FOSGP.5T8.F600.M,MEX,2000,7.694729804992676,,
FOSGP.5T8.F600.M,MEX,2001,8.791359901428223,,
FOSGP.5T8.F600.M,MEX,2002,8.67057991027832,,
FOSGP.5T8.F600.M,MEX,2003,9.744179725646973,,
FOSGP.5T8.F600.M,MEX,2005,11.65787029266357,,
FOSGP.5T8.F600.M,MEX,2006,10.89334964752197,,
FOSGP.5T8.F600.M,MEX,2007,9.493229866027832,,
FOSGP.5T8.F600.M,MEX,2008,10.25500011444092,,
FOSGP.5T8.F600.M,MEX,2009,8.544759750366211,,
FOSGP.5T8.F600.M,MEX,2010,3.679579973220825,,
FOSGP.5T8.F600.M,MEX,2011,3.491739988327026,,
FOSGP.5T8.F600.M,MEX,2013,3.066590070724487,,
FOSGP.5T8.F600.M,MEX,2014,2.854029893875122,,
FOSGP.5T8.F600.M,MEX,2015,2.295249938964844,,
FOSGP.5T8.F600.M,MEX,2016,2.198760032653809,,
FOSGP.5T8.F600.M,MEX,2017,8.276379585266113,,
FOSGP.5T8.F600.M,MEX,2019,7.671840190887451,,
FOSGP.5T8.F600.M,MEX,2020,7.308239936828613,,
FOSGP.5T8.F600.M,MEX,2021,7.469460010528564,,
FOSGP.5T8.F600.M,MEX,2022,7.026150226593018,,
FOSGP.5T8.F600.M,MHL,2019,0,,NIL
FOSGP.5T8.F600.M,MHL,2022,0,,NIL
FOSGP.5T8.F600.M,MKD,2000,1.099609971046448,,
FOSGP.5T8.F600.M,MKD,2001,5.162660121917725,,
FOSGP.5T8.F600.M,MKD,2002,0.9009000062942505,,
FOSGP.5T8.F600.M,MKD,2003,0.8479400277137756,,
FOSGP.5T8.F600.M,MKD,2004,1.639340043067932,,
FOSGP.5T8.F600.M,MKD,2005,2.14067006111145,,
FOSGP.5T8.F600.M,MKD,2006,2.337660074234009,,
FOSGP.5T8.F600.M,MKD,2008,7.092199802398682,,
FOSGP.5T8.F600.M,MKD,2009,12.40684032440186,,
FOSGP.5T8.F600.M,MKD,2010,12.79932022094727,,
FOSGP.5T8.F600.M,MKD,2011,11.59187030792236,,
FOSGP.5T8.F600.M,MKD,2012,10.30393028259277,,
FOSGP.5T8.F600.M,MKD,2013,11.33253002166748,,
FOSGP.5T8.F600.M,MKD,2014,9.94987964630127,,
FOSGP.5T8.F600.M,MKD,2015,9.211640357971191,,
FOSGP.5T8.F600.M,MKD,2017,10.04395961761475,,
FOSGP.5T8.F600.M,MKD,2018,9.739130020141602,,
FOSGP.5T8.F600.M,MKD,2020,9.189040184020996,,
FOSGP.5T8.F600.M,MKD,2021,10.14634037017822,,
FOSGP.5T8.F600.M,MKD,2022,11.41800022125244,,
FOSGP.5T8.F600.M,MLT,2000,3.657259941101074,,
FOSGP.5T8.F600.M,MLT,2001,2.705519914627075,,
FOSGP.5T8.F600.M,MLT,2002,3.013390064239502,,
FOSGP.5T8.F600.M,MLT,2003,3.667749881744385,,
FOSGP.5T8.F600.M,MLT,2004,3.930130004882813,,
FOSGP.5T8.F600.M,MLT,2005,3.614459991455078,,
FOSGP.5T8.F600.M,MLT,2006,7.829179763793945,,
FOSGP.5T8.F600.M,MLT,2008,9.876540184020996,,
FOSGP.5T8.F600.M,MLT,2009,10.60869979858398,,
FOSGP.5T8.F600.M,MLT,2010,10.54718017578125,,
FOSGP.5T8.F600.M,MLT,2011,14.09836006164551,,
FOSGP.5T8.F600.M,MLT,2013,17.5178108215332,,
FOSGP.5T8.F600.M,MLT,2014,17.36189079284668,,
FOSGP.5T8.F600.M,MLT,2015,15.41924953460693,,
FOSGP.5T8.F600.M,MLT,2016,10.34673023223877,,
FOSGP.5T8.F600.M,MLT,2017,14.75568008422852,,
FOSGP.5T8.F600.M,MLT,2019,11.83119964599609,,
FOSGP.5T8.F600.M,MLT,2020,12.70462036132813,,
FOSGP.5T8.F600.M,MLT,2021,13.61056995391846,,
FOSGP.5T8.F600.M,MLT,2022,10.89813041687012,,
FOSGP.5T8.F600.M,MMR,2018,2.063499927520752,,
FOSGP.5T8.F600.M,MNE,2019,8.317580223083496,,
FOSGP.5T8.F600.M,MNG,2000,1.651950001716614,,
FOSGP.5T8.F600.M,MNG,2001,1.075270056724548,,
FOSGP.5T8.F600.M,MNG,2002,1.981709957122803,,
FOSGP.5T8.F600.M,MNG,2003,2.155839920043945,,
FOSGP.5T8.F600.M,MNG,2004,2.588910102844238,,
FOSGP.5T8.F600.M,MNG,2005,2.375210046768188,,
FOSGP.5T8.F600.M,MNG,2006,3.595809936523438,,
FOSGP.5T8.F600.M,MNG,2007,3.675329923629761,,
FOSGP.5T8.F600.M,MNG,2008,4.443570137023926,,
FOSGP.5T8.F600.M,MNG,2009,4.272220134735107,,
FOSGP.5T8.F600.M,MNG,2010,4.489359855651855,,
FOSGP.5T8.F600.M,MNG,2011,5.378499984741211,,
FOSGP.5T8.F600.M,MNG,2016,0,,NIL
FOSGP.5T8.F600.M,MNG,2017,3.636499881744385,,
FOSGP.5T8.F600.M,MNG,2018,5.065020084381104,,
FOSGP.5T8.F600.M,MNG,2019,3.916009902954102,,
FOSGP.5T8.F600.M,MNG,2022,5.66372013092041,,
FOSGP.5T8.F600.M,MNG,2023,5.42234992980957,,
FOSGP.5T8.F600.M,MOZ,2004,0.2151699960231781,,
FOSGP.5T8.F600.M,MOZ,2005,0.7533699870109558,,
FOSGP.5T8.F600.M,MOZ,2006,0,UIS_EST,NIL
FOSGP.5T8.F600.M,MOZ,2008,2.251790046691895,,
FOSGP.5T8.F600.M,MOZ,2009,2.618819952011108,,
FOSGP.5T8.F600.M,MOZ,2012,0,UIS_EST,NIL
FOSGP.5T8.F600.M,MOZ,2015,1.830019950866699,,
FOSGP.5T8.F600.M,MOZ,2016,2.819780111312866,,
FOSGP.5T8.F600.M,MOZ,2017,3.195450067520142,,
FOSGP.5T8.F600.M,MOZ,2018,2.106820106506348,,
FOSGP.5T8.F600.M,MRT,2016,3.908159971237183,,
FOSGP.5T8.F600.M,MRT,2020,4.511280059814453,,
FOSGP.5T8.F600.M,MSR,2000,0,,NA
FOSGP.5T8.F600.M,MSR,2001,0,,NA
FOSGP.5T8.F600.M,MSR,2002,0,,NA
FOSGP.5T8.F600.M,MSR,2003,0,,NA
FOSGP.5T8.F600.M,MSR,2004,0,,NA
FOSGP.5T8.F600.M,MSR,2005,0,,NA
FOSGP.5T8.F600.M,MSR,2006,0,,NA
FOSGP.5T8.F600.M,MSR,2007,0,,NA
FOSGP.5T8.F600.M,MSR,2019,0,,NA
FOSGP.5T8.F600.M,MUS,2017,16.42498970031738,,
FOSGP.5T8.F600.M,MUS,2020,15.83166027069092,,
FOSGP.5T8.F600.M,MUS,2021,20.43733978271484,,
FOSGP.5T8.F600.M,MUS,2024,15.96321964263916,,
FOSGP.5T8.F600.M,MYS,2004,20.35880088806152,,
FOSGP.5T8.F600.M,MYS,2006,14.21140956878662,,
FOSGP.5T8.F600.M,MYS,2007,8.284830093383789,,
FOSGP.5T8.F600.M,MYS,2008,9.5066499710083,,
FOSGP.5T8.F600.M,MYS,2009,10.75179958343506,,
FOSGP.5T8.F600.M,MYS,2010,8.403050422668457,,
FOSGP.5T8.F600.M,MYS,2011,6.263410091400146,,
FOSGP.5T8.F600.M,MYS,2012,5.003699779510498,,
FOSGP.5T8.F600.M,MYS,2018,8.228449821472168,,
FOSGP.5T8.F600.M,MYS,2019,8.490400314331055,,
FOSGP.5T8.F600.M,MYS,2022,9.732029914855957,,
FOSGP.5T8.F600.M,MYS,2023,9.826279640197754,,
FOSGP.5T8.F600.M,NAM,2001,0.0570500008761883,,
FOSGP.5T8.F600.M,NAM,2003,0.9205999970436096,,
FOSGP.5T8.F600.M,NAM,2005,1.096889972686768,,
FOSGP.5T8.F600.M,NAM,2014,9.447850227355957,,
FOSGP.5T8.F600.M,NAM,2015,7.819149971008301,,
FOSGP.5T8.F600.M,NAM,2016,7.848020076751709,,
FOSGP.5T8.F600.M,NAM,2017,9.082509994506836,,
FOSGP.5T8.F600.M,NAM,2018,8.92708969116211,,
FOSGP.5T8.F600.M,NAM,2019,6.797709941864014,,
FOSGP.5T8.F600.M,NAM,2020,8.742870330810547,,
FOSGP.5T8.F600.M,NAM,2022,8.049860000610352,,
FOSGP.5T8.F600.M,NER,2001,6.700170040130615,,
FOSGP.5T8.F600.M,NER,2015,0.7142900228500366,,
FOSGP.5T8.F600.M,NER,2016,3.790179967880249,,
FOSGP.5T8.F600.M,NER,2017,4.30702018737793,,
FOSGP.5T8.F600.M,NER,2018,3.148220062255859,,
FOSGP.5T8.F600.M,NER,2019,3.461260080337524,,
FOSGP.5T8.F600.M,NIC,2023,4.347829818725586,,
FOSGP.5T8.F600.M,NIU,2000,0,,NA
FOSGP.5T8.F600.M,NIU,2001,0,,NA
FOSGP.5T8.F600.M,NIU,2002,0,,NA
FOSGP.5T8.F600.M,NIU,2003,0,,NA
FOSGP.5T8.F600.M,NIU,2004,0,,NA
FOSGP.5T8.F600.M,NIU,2007,0,,NA
FOSGP.5T8.F600.M,NIU,2008,0,,NA
FOSGP.5T8.F600.M,NIU,2016,0,,NA
FOSGP.5T8.F600.M,NLD,2000,3.111779928207397,,
FOSGP.5T8.F600.M,NLD,2001,3.392580032348633,,
FOSGP.5T8.F600.M,NLD,2002,3.7328200340271,,
FOSGP.5T8.F600.M,NLD,2004,7.722360134124756,,
FOSGP.5T8.F600.M,NLD,2010,7.475969791412354,,
FOSGP.5T8.F600.M,NLD,2013,6.329179763793945,,
FOSGP.5T8.F600.M,NLD,2014,6.717559814453125,,
FOSGP.5T8.F600.M,NLD,2017,4.878300189971924,,
FOSGP.5T8.F600.M,NLD,2018,5.444369792938232,,
FOSGP.5T8.F600.M,NLD,2019,5.980100154876709,,
FOSGP.5T8.F600.M,NLD,2020,6.495510101318359,,
FOSGP.5T8.F600.M,NLD,2021,6.870160102844238,,
FOSGP.5T8.F600.M,NLD,2022,8.273650169372559,,
FOSGP.5T8.F600.M,NOR,2000,10.59657955169678,,
FOSGP.5T8.F600.M,NOR,2001,10.8940896987915,,
FOSGP.5T8.F600.M,NOR,2002,11.13846969604492,,
FOSGP.5T8.F600.M,NOR,2004,12.05055999755859,,
FOSGP.5T8.F600.M,NOR,2005,11.98822975158691,,
FOSGP.5T8.F600.M,NOR,2007,9.099630355834961,,
FOSGP.5T8.F600.M,NOR,2008,8.909819602966309,,
FOSGP.5T8.F600.M,NOR,2009,8.116410255432129,,
FOSGP.5T8.F600.M,NOR,2010,7.607890129089355,,
FOSGP.5T8.F600.M,NOR,2012,5.845550060272217,,
FOSGP.5T8.F600.M,NOR,2013,6.215620040893555,,
FOSGP.5T8.F600.M,NOR,2014,6.970280170440674,,
FOSGP.5T8.F600.M,NOR,2015,6.355679988861084,,
FOSGP.5T8.F600.M,NOR,2016,6.577710151672363,,
FOSGP.5T8.F600.M,NOR,2017,7.420639991760254,,
FOSGP.5T8.F600.M,NOR,2018,7.653450012207031,,
FOSGP.5T8.F600.M,NOR,2019,8.069120407104492,,
FOSGP.5T8.F600.M,NOR,2020,8.874190330505371,,
FOSGP.5T8.F600.M,NOR,2021,10.62703037261963,,
FOSGP.5T8.F600.M,NOR,2022,9.919899940490723,,
FOSGP.5T8.F600.M,NRU,2000,0,,NA
FOSGP.5T8.F600.M,NRU,2001,0,,NA
FOSGP.5T8.F600.M,NRU,2002,0,,NA
FOSGP.5T8.F600.M,NRU,2003,0,,NA
FOSGP.5T8.F600.M,NRU,2004,0,,NA
FOSGP.5T8.F600.M,NRU,2007,0,,NA
FOSGP.5T8.F600.M,NRU,2008,0,,NA
FOSGP.5T8.F600.M,NZL,2005,13.08469009399414,,
FOSGP.5T8.F600.M,NZL,2013,11.08911991119385,,
FOSGP.5T8.F600.M,NZL,2014,10.73167991638184,,
FOSGP.5T8.F600.M,NZL,2015,11.62273979187012,,
FOSGP.5T8.F600.M,NZL,2016,11.70720958709717,,
FOSGP.5T8.F600.M,NZL,2017,12.05630970001221,,
FOSGP.5T8.F600.M,NZL,2018,11.64142990112305,,
FOSGP.5T8.F600.M,NZL,2019,12.52058982849121,,
FOSGP.5T8.F600.M,NZL,2020,12.80323028564453,,
FOSGP.5T8.F600.M,NZL,2021,12.34311008453369,,
FOSGP.5T8.F600.M,NZL,2022,12.05675029754639,,
FOSGP.5T8.F600.M,OMN,2007,10.6382999420166,,
FOSGP.5T8.F600.M,OMN,2009,11.44653987884521,,
FOSGP.5T8.F600.M,OMN,2010,15.25454044342041,,
FOSGP.5T8.F600.M,OMN,2015,9.899310111999512,,
FOSGP.5T8.F600.M,OMN,2016,9.125840187072754,,
FOSGP.5T8.F600.M,OMN,2017,8.519929885864258,,
FOSGP.5T8.F600.M,OMN,2018,9.240710258483887,,
FOSGP.5T8.F600.M,OMN,2019,8.060040473937988,,
FOSGP.5T8.F600.M,OMN,2020,6.596680164337158,,
FOSGP.5T8.F600.M,OMN,2021,8.0548095703125,,
FOSGP.5T8.F600.M,OMN,2023,6.284920215606689,,
FOSGP.5T8.F600.M,PAN,2002,1.211470007896423,,
FOSGP.5T8.F600.M,PAN,2003,2.125499963760376,,
FOSGP.5T8.F600.M,PAN,2004,6.416440010070801,,
FOSGP.5T8.F600.M,PAN,2005,8.207229614257812,,
FOSGP.5T8.F600.M,PAN,2006,8.990489959716797,,
FOSGP.5T8.F600.M,PAN,2007,3.024909973144531,,
FOSGP.5T8.F600.M,PAN,2008,3.145090103149414,,
FOSGP.5T8.F600.M,PAN,2009,3.264539957046509,,
FOSGP.5T8.F600.M,PAN,2010,3.382200002670288,,
FOSGP.5T8.F600.M,PAN,2011,7.263259887695313,,
FOSGP.5T8.F600.M,PAN,2014,7.598680019378662,,
FOSGP.5T8.F600.M,PAN,2015,8.598219871520996,,
FOSGP.5T8.F600.M,PAN,2016,7.890890121459961,,
FOSGP.5T8.F600.M,PAN,2019,6.889450073242188,,
FOSGP.5T8.F600.M,PAN,2020,7.501339912414551,,
FOSGP.5T8.F600.M,PAN,2021,10.65003967285156,,
FOSGP.5T8.F600.M,PAN,2022,7.14792013168335,,
FOSGP.5T8.F600.M,PER,2016,6.66742992401123,,
FOSGP.5T8.F600.M,PER,2017,6.952300071716309,,
FOSGP.5T8.F600.M,PHL,2015,14.33932018280029,,
FOSGP.5T8.F600.M,PHL,2016,14.16386032104492,,
FOSGP.5T8.F600.M,PHL,2017,14.98676013946533,,
FOSGP.5T8.F600.M,PHL,2018,13.71347999572754,,
FOSGP.5T8.F600.M,PHL,2019,14.36207962036133,,
FOSGP.5T8.F600.M,PHL,2020,14.28030967712402,,
FOSGP.5T8.F600.M,PHL,2021,12.93504047393799,,
FOSGP.5T8.F600.M,PHL,2023,11.16699028015137,,
FOSGP.5T8.F600.M,POL,2011,7.273920059204102,,
FOSGP.5T8.F600.M,POL,2012,7.162569999694824,,
FOSGP.5T8.F600.M,POL,2013,6.998539924621582,,
FOSGP.5T8.F600.M,POL,2014,7.089210033416748,,
FOSGP.5T8.F600.M,POL,2015,7.178020000457764,,
FOSGP.5T8.F600.M,POL,2016,7.464489936828613,,
FOSGP.5T8.F600.M,POL,2017,7.998000144958496,,
FOSGP.5T8.F600.M,POL,2018,8.614919662475586,,
FOSGP.5T8.F600.M,POL,2019,8.82837963104248,,
FOSGP.5T8.F600.M,POL,2020,8.401359558105469,,
FOSGP.5T8.F600.M,POL,2021,9.175020217895508,,
FOSGP.5T8.F600.M,POL,2022,9.551939964294434,,
FOSGP.5T8.F600.M,PRI,2008,4.749599933624268,,
FOSGP.5T8.F600.M,PRI,2009,5.694049835205078,,
FOSGP.5T8.F600.M,PRI,2011,4.998650074005127,,
FOSGP.5T8.F600.M,PRI,2012,5.477930068969727,,
FOSGP.5T8.F600.M,PRI,2014,5.509399890899658,,
FOSGP.5T8.F600.M,PRI,2015,5.509399890899658,,
FOSGP.5T8.F600.M,PRI,2016,6.42710018157959,,
FOSGP.5T8.F600.M,PRI,2018,6.46284008026123,,
FOSGP.5T8.F600.M,PRI,2023,1.61040997505188,,
FOSGP.5T8.F600.M,PRK,2015,2.727469921112061,,
FOSGP.5T8.F600.M,PRT,2000,5.890699863433838,,
FOSGP.5T8.F600.M,PRT,2002,3.002229928970337,,
FOSGP.5T8.F600.M,PRT,2003,2.810009956359863,,
FOSGP.5T8.F600.M,PRT,2004,7.910950183868408,,
FOSGP.5T8.F600.M,PRT,2005,9.429730415344238,,
FOSGP.5T8.F600.M,PRT,2006,9.525079727172852,,
FOSGP.5T8.F600.M,PRT,2007,10.60746955871582,,
FOSGP.5T8.F600.M,PRT,2008,11.94458961486816,,
FOSGP.5T8.F600.M,PRT,2009,11.18375015258789,,
FOSGP.5T8.F600.M,PRT,2010,2.621680021286011,,
FOSGP.5T8.F600.M,PRT,2011,2.706929922103882,,
FOSGP.5T8.F600.M,PRT,2012,2.873950004577637,,
FOSGP.5T8.F600.M,PRT,2013,2.644750118255615,,
FOSGP.5T8.F600.M,PRT,2014,2.4515700340271,,
FOSGP.5T8.F600.M,PRT,2015,2.239320039749146,,
FOSGP.5T8.F600.M,PRT,2016,2.171610116958618,,
FOSGP.5T8.F600.M,PRT,2017,3.765959978103638,,
FOSGP.5T8.F600.M,PRT,2019,4.490829944610596,,
FOSGP.5T8.F600.M,PRT,2020,5.15408992767334,,
FOSGP.5T8.F600.M,PRT,2021,4.937520027160645,,
FOSGP.5T8.F600.M,PRT,2022,4.868939876556396,,
FOSGP.5T8.F600.M,PSE,2000,5.047379970550537,,
FOSGP.5T8.F600.M,PSE,2001,6.293459892272949,,
FOSGP.5T8.F600.M,PSE,2003,8.592439651489258,,
FOSGP.5T8.F600.M,PSE,2004,7.484549999237061,,
FOSGP.5T8.F600.M,PSE,2007,9.152979850769043,,
FOSGP.5T8.F600.M,PSE,2008,9.140239715576172,,
FOSGP.5T8.F600.M,PSE,2009,9.054739952087402,,
FOSGP.5T8.F600.M,PSE,2010,7.454710006713867,,
FOSGP.5T8.F600.M,PSE,2011,7.62086009979248,,
FOSGP.5T8.F600.M,PSE,2012,6.563069820404053,,
FOSGP.5T8.F600.M,PSE,2015,5.413290023803711,,
FOSGP.5T8.F600.M,PSE,2016,6.184830188751221,,
FOSGP.5T8.F600.M,PSE,2017,5.491209983825684,,
FOSGP.5T8.F600.M,PSE,2018,5.336530208587646,,
FOSGP.5T8.F600.M,PSE,2019,4.564020156860352,,
FOSGP.5T8.F600.M,PSE,2020,4.67326021194458,,
FOSGP.5T8.F600.M,PSE,2021,5.535860061645508,,
FOSGP.5T8.F600.M,PSE,2022,6.598859786987305,,
FOSGP.5T8.F600.M,PSE,2023,9.300169944763184,,
FOSGP.5T8.F600.M,QAT,2000,0,,NIL
FOSGP.5T8.F600.M,QAT,2001,3.682719945907593,,
FOSGP.5T8.F600.M,QAT,2002,3.986710071563721,,
FOSGP.5T8.F600.M,QAT,2003,8.800000190734863,,
FOSGP.5T8.F600.M,QAT,2008,7.046979904174805,,
FOSGP.5T8.F600.M,QAT,2009,5.863190174102783,,
FOSGP.5T8.F600.M,QAT,2010,6.722690105438232,,
FOSGP.5T8.F600.M,QAT,2011,4.739880084991455,,
FOSGP.5T8.F600.M,QAT,2012,6.257979869842529,,
FOSGP.5T8.F600.M,QAT,2016,8.10636043548584,,
FOSGP.5T8.F600.M,QAT,2017,10.4525899887085,,
FOSGP.5T8.F600.M,QAT,2018,6.64300012588501,,
FOSGP.5T8.F600.M,QAT,2019,4.129169940948486,,
FOSGP.5T8.F600.M,QAT,2020,3.938270092010498,,
FOSGP.5T8.F600.M,QAT,2021,8.333330154418945,,
FOSGP.5T8.F600.M,QAT,2022,5.870739936828613,,
FOSGP.5T8.F600.M,QAT,2023,6.754389762878418,,
FOSGP.5T8.F600.M,ROU,2000,0,,NIL
FOSGP.5T8.F600.M,ROU,2001,0,,NIL
FOSGP.5T8.F600.M,ROU,2004,0,,NIL
FOSGP.5T8.F600.M,ROU,2005,0,,NIL
FOSGP.5T8.F600.M,ROU,2006,0,,NIL
FOSGP.5T8.F600.M,ROU,2007,0,,NIL
FOSGP.5T8.F600.M,ROU,2008,2.722599983215332,,
FOSGP.5T8.F600.M,ROU,2009,1.743579983711243,,
FOSGP.5T8.F600.M,ROU,2010,1.28643000125885,,
FOSGP.5T8.F600.M,ROU,2011,1.416939973831177,,
FOSGP.5T8.F600.M,ROU,2013,1.555539965629578,,
FOSGP.5T8.F600.M,ROU,2014,1.534510016441345,,
FOSGP.5T8.F600.M,ROU,2015,8.636119842529297,,
FOSGP.5T8.F600.M,ROU,2016,7.92956018447876,,
FOSGP.5T8.F600.M,ROU,2019,10.08687973022461,,
FOSGP.5T8.F600.M,ROU,2020,10.81142044067383,,
FOSGP.5T8.F600.M,ROU,2021,10.99915981292725,,
FOSGP.5T8.F600.M,ROU,2022,10.88862991333008,,
FOSGP.5T8.F600.M,RWA,2017,5.885499954223633,,
FOSGP.5T8.F600.M,RWA,2018,6.071929931640625,,
FOSGP.5T8.F600.M,RWA,2019,6.506350040435791,,
FOSGP.5T8.F600.M,RWA,2020,8.088629722595215,,
FOSGP.5T8.F600.M,RWA,2022,12.02604961395264,,
FOSGP.5T8.F600.M,RWA,2023,8.608579635620117,,
FOSGP.5T8.F600.M,SAU,2004,5.269139766693115,,
FOSGP.5T8.F600.M,SAU,2005,11.94803047180176,,
FOSGP.5T8.F600.M,SAU,2006,11.61248016357422,,
FOSGP.5T8.F600.M,SAU,2007,7.422880172729492,,
FOSGP.5T8.F600.M,SAU,2008,7.613289833068848,,
FOSGP.5T8.F600.M,SAU,2009,7.480400085449219,,
FOSGP.5T8.F600.M,SAU,2010,4.369470119476318,,
FOSGP.5T8.F600.M,SAU,2011,4.744830131530762,,
FOSGP.5T8.F600.M,SAU,2012,14.67138004302979,,
FOSGP.5T8.F600.M,SAU,2015,8.433420181274414,,
FOSGP.5T8.F600.M,SAU,2016,8.129520416259766,,
FOSGP.5T8.F600.M,SAU,2017,7.639440059661865,,
FOSGP.5T8.F600.M,SAU,2018,7.280280113220215,,
FOSGP.5T8.F600.M,SAU,2019,8.009710311889648,,
FOSGP.5T8.F600.M,SAU,2020,8.899589538574219,,
FOSGP.5T8.F600.M,SAU,2021,7.041810035705566,,
FOSGP.5T8.F600.M,SAU,2022,12.10525035858154,,
FOSGP.5T8.F600.M,SDN,2012,4.364500045776367,,
FOSGP.5T8.F600.M,SDN,2015,0,,NIL
FOSGP.5T8.F600.M,SGP,2016,11.73044013977051,,
FOSGP.5T8.F600.M,SGP,2017,11.93280029296875,,
FOSGP.5T8.F600.M,SGP,2018,12.77900981903076,,
FOSGP.5T8.F600.M,SGP,2019,13.12644958496094,,
FOSGP.5T8.F600.M,SGP,2020,13.75133991241455,,
FOSGP.5T8.F600.M,SGP,2021,14.28396987915039,,
FOSGP.5T8.F600.M,SGP,2022,14.60235023498535,,
FOSGP.5T8.F600.M,SLB,2008,0,,NA
FOSGP.5T8.F600.M,SLE,2000,0.8559200167655945,,
FOSGP.5T8.F600.M,SLV,2002,8.366180419921875,,
FOSGP.5T8.F600.M,SLV,2003,5.512259960174561,,
FOSGP.5T8.F600.M,SLV,2005,10.04965019226074,,
FOSGP.5T8.F600.M,SLV,2006,11.38010025024414,,
FOSGP.5T8.F600.M,SLV,2007,13.10601043701172,,
FOSGP.5T8.F600.M,SLV,2008,22.85325050354004,,
FOSGP.5T8.F600.M,SLV,2009,23.59981918334961,,
FOSGP.5T8.F600.M,SLV,2010,21.69905090332031,,
FOSGP.5T8.F600.M,SLV,2011,20.84577941894531,,
FOSGP.5T8.F600.M,SLV,2012,17.85437965393066,,
FOSGP.5T8.F600.M,SLV,2015,18.30223083496094,,
FOSGP.5T8.F600.M,SLV,2016,17.23514938354492,,
FOSGP.5T8.F600.M,SLV,2017,16.49795913696289,,
FOSGP.5T8.F600.M,SLV,2018,15.2575798034668,,
FOSGP.5T8.F600.M,SLV,2019,14.77283000946045,,
FOSGP.5T8.F600.M,SLV,2020,13.81719017028809,,
FOSGP.5T8.F600.M,SLV,2021,8.832929611206055,,
FOSGP.5T8.F600.M,SLV,2022,11.11623001098633,,
FOSGP.5T8.F600.M,SLV,2023,9.27040958404541,,
FOSGP.5T8.F600.M,SMR,2023,0,,NIL
FOSGP.5T8.F600.M,SRB,2007,0.8164200186729431,,
FOSGP.5T8.F600.M,SRB,2008,7.640480041503906,,
FOSGP.5T8.F600.M,SRB,2009,7.668190002441406,,
FOSGP.5T8.F600.M,SRB,2010,9.751130104064941,,
FOSGP.5T8.F600.M,SRB,2011,9.859910011291504,,
FOSGP.5T8.F600.M,SRB,2012,9.681690216064453,,
FOSGP.5T8.F600.M,SRB,2015,8.616080284118652,,
FOSGP.5T8.F600.M,SRB,2016,8.953289985656738,,
FOSGP.5T8.F600.M,SRB,2017,9.617890357971191,,
FOSGP.5T8.F600.M,SRB,2018,9.83113956451416,,
FOSGP.5T8.F600.M,SRB,2019,10.63772010803223,,
FOSGP.5T8.F600.M,SRB,2020,11.97348022460938,,
FOSGP.5T8.F600.M,SRB,2021,12.81554985046387,,
FOSGP.5T8.F600.M,SRB,2022,11.90248966217041,,
FOSGP.5T8.F600.M,SRB,2023,15.25214004516602,,
FOSGP.5T8.F600.M,STP,2000,0,,NA
FOSGP.5T8.F600.M,STP,2001,0,,NA
FOSGP.5T8.F600.M,STP,2002,0,,NA
FOSGP.5T8.F600.M,STP,2003,0,,NA
FOSGP.5T8.F600.M,STP,2004,0,,NA
FOSGP.5T8.F600.M,STP,2005,0,,NA
FOSGP.5T8.F600.M,STP,2006,0,,NA
FOSGP.5T8.F600.M,STP,2007,0,,NA
FOSGP.5T8.F600.M,STP,2008,0,,NA
FOSGP.5T8.F600.M,SVK,2000,7.183350086212158,,
FOSGP.5T8.F600.M,SVK,2001,7.904349803924561,,
FOSGP.5T8.F600.M,SVK,2002,7.279660224914551,,
FOSGP.5T8.F600.M,SVK,2003,7.027639865875244,,
FOSGP.5T8.F600.M,SVK,2004,7.291940212249756,,
FOSGP.5T8.F600.M,SVK,2005,7.110799789428711,,
FOSGP.5T8.F600.M,SVK,2006,7.199900150299072,,
FOSGP.5T8.F600.M,SVK,2007,7.833630084991455,,
FOSGP.5T8.F600.M,SVK,2008,6.459939956665039,,
FOSGP.5T8.F600.M,SVK,2009,7.185739994049072,,
FOSGP.5T8.F600.M,SVK,2010,7.400670051574707,,
FOSGP.5T8.F600.M,SVK,2011,7.554180145263672,,
FOSGP.5T8.F600.M,SVK,2012,6.762619972229004,,
FOSGP.5T8.F600.M,SVK,2013,6.269599914550781,,
FOSGP.5T8.F600.M,SVK,2014,6.749829769134521,,
FOSGP.5T8.F600.M,SVK,2015,6.716839790344238,,
FOSGP.5T8.F600.M,SVK,2017,7.850500106811523,,
FOSGP.5T8.F600.M,SVK,2018,8.837129592895508,,
FOSGP.5T8.F600.M,SVK,2019,8.662429809570312,,
FOSGP.5T8.F600.M,SVK,2020,9.366589546203613,,
FOSGP.5T8.F600.M,SVK,2021,9.635950088500977,,
FOSGP.5T8.F600.M,SVK,2022,10.233229637146,,
FOSGP.5T8.F600.M,SVN,2001,2.749850034713745,,
FOSGP.5T8.F600.M,SVN,2002,3.221920013427734,,
FOSGP.5T8.F600.M,SVN,2003,2.574949979782104,,
FOSGP.5T8.F600.M,SVN,2005,3.346029996871948,,
FOSGP.5T8.F600.M,SVN,2006,3.475729942321777,,
FOSGP.5T8.F600.M,SVN,2007,4.625999927520752,,
FOSGP.5T8.F600.M,SVN,2008,4.412909984588623,,
FOSGP.5T8.F600.M,SVN,2009,4.890749931335449,,
FOSGP.5T8.F600.M,SVN,2010,5.523829936981201,,
FOSGP.5T8.F600.M,SVN,2011,6.703639984130859,,
FOSGP.5T8.F600.M,SVN,2012,8.138819694519043,,
FOSGP.5T8.F600.M,SVN,2013,8.519229888916016,,
FOSGP.5T8.F600.M,SVN,2014,8.987549781799316,,
FOSGP.5T8.F600.M,SVN,2015,7.403329849243164,,
FOSGP.5T8.F600.M,SVN,2017,8.143549919128418,,
FOSGP.5T8.F600.M,SVN,2018,7.522669792175293,,
FOSGP.5T8.F600.M,SVN,2019,8.650409698486328,,
FOSGP.5T8.F600.M,SVN,2020,9.093859672546387,,
FOSGP.5T8.F600.M,SVN,2021,9.374059677124023,,
FOSGP.5T8.F600.M,SVN,2022,9.372610092163086,,
FOSGP.5T8.F600.M,SWE,2000,6.583199977874756,,
FOSGP.5T8.F600.M,SWE,2001,6.829209804534912,,
FOSGP.5T8.F600.M,SWE,2002,7.13070011138916,,
FOSGP.5T8.F600.M,SWE,2003,7.291719913482666,,
FOSGP.5T8.F600.M,SWE,2004,6.583610057830811,,
FOSGP.5T8.F600.M,SWE,2005,6.928669929504395,,
FOSGP.5T8.F600.M,SWE,2006,6.899409770965576,,
FOSGP.5T8.F600.M,SWE,2007,6.005559921264648,,
FOSGP.5T8.F600.M,SWE,2008,5.552149772644043,,
FOSGP.5T8.F600.M,SWE,2009,5.886499881744385,,
FOSGP.5T8.F600.M,SWE,2010,6.145249843597412,,
FOSGP.5T8.F600.M,SWE,2011,6.402440071105957,,
FOSGP.5T8.F600.M,SWE,2012,6.343239784240723,,
FOSGP.5T8.F600.M,SWE,2013,6.624110221862793,,
FOSGP.5T8.F600.M,SWE,2015,6.664430141448975,,
FOSGP.5T8.F600.M,SWE,2016,7.115660190582275,,
FOSGP.5T8.F600.M,SWE,2017,7.902890205383301,,
FOSGP.5T8.F600.M,SWE,2018,7.884520053863525,,
FOSGP.5T8.F600.M,SWE,2019,7.689410209655762,,
FOSGP.5T8.F600.M,SWE,2020,8.355680465698242,,
FOSGP.5T8.F600.M,SWE,2021,9.675140380859375,,
FOSGP.5T8.F600.M,SWE,2022,11.72700977325439,,
FOSGP.5T8.F600.M,SWE,2023,11.83415985107422,,
FOSGP.5T8.F600.M,SWZ,2000,0,,NIL
FOSGP.5T8.F600.M,SWZ,2001,0,,NIL
FOSGP.5T8.F600.M,SWZ,2002,0,,NIL
FOSGP.5T8.F600.M,SWZ,2005,0,,NIL
FOSGP.5T8.F600.M,SWZ,2006,0,,NIL
FOSGP.5T8.F600.M,SWZ,2015,0,,NIL
FOSGP.5T8.F600.M,SXM,2015,20,,
FOSGP.5T8.F600.M,SXM,2017,0,,NIL
FOSGP.5T8.F600.M,SXM,2022,0,,NA
FOSGP.5T8.F600.M,SXM,2023,0,,NA
FOSGP.5T8.F600.M,SYC,2000,0,,NA
FOSGP.5T8.F600.M,SYC,2001,0,,NA
FOSGP.5T8.F600.M,SYC,2002,0,,NA
FOSGP.5T8.F600.M,SYC,2003,0,,NA
FOSGP.5T8.F600.M,SYC,2004,0,,NA
FOSGP.5T8.F600.M,SYC,2005,0,,NA
FOSGP.5T8.F600.M,SYC,2006,0,,NA
FOSGP.5T8.F600.M,SYC,2007,0,,NA
FOSGP.5T8.F600.M,SYC,2008,0,,NA
FOSGP.5T8.F600.M,SYC,2009,0,,NA
FOSGP.5T8.F600.M,SYC,2010,0,,NA
FOSGP.5T8.F600.M,SYC,2011,4,,
FOSGP.5T8.F600.M,SYC,2012,0,,NIL
FOSGP.5T8.F600.M,SYC,2015,23.85321044921875,,
FOSGP.5T8.F600.M,SYC,2016,26.38888931274414,,
FOSGP.5T8.F600.M,SYC,2017,20.83333015441895,,
FOSGP.5T8.F600.M,SYC,2018,8.088239669799805,,
FOSGP.5T8.F600.M,SYC,2019,31.92770957946777,,
FOSGP.5T8.F600.M,SYC,2020,17.5,,
FOSGP.5T8.F600.M,SYC,2021,5.494510173797607,,
FOSGP.5T8.F600.M,SYC,2022,19.56521987915039,,
FOSGP.5T8.F600.M,SYC,2023,12.65822982788086,,
FOSGP.5T8.F600.M,SYR,2016,1.252750039100647,,
FOSGP.5T8.F600.M,SYR,2022,4.757229804992676,,
FOSGP.5T8.F600.M,TCA,2021,16.66666984558105,,
FOSGP.5T8.F600.M,TCA,2023,36.36363983154297,,
FOSGP.5T8.F600.M,TCD,2000,0,,NA
FOSGP.5T8.F600.M,TCD,2020,3.048399925231934,,
FOSGP.5T8.F600.M,THA,2015,5.003920078277588,,
FOSGP.5T8.F600.M,THA,2016,5.337619781494141,,
FOSGP.5T8.F600.M,THA,2022,6.294620037078857,,
FOSGP.5T8.F600.M,THA,2023,4.646309852600098,,
FOSGP.5T8.F600.M,THA,2024,5.008490085601807,,
FOSGP.5T8.F600.M,TKL,2000,0,,NA
FOSGP.5T8.F600.M,TKL,2001,0,,NA
FOSGP.5T8.F600.M,TKL,2002,0,,NA
FOSGP.5T8.F600.M,TKL,2003,0,,NA
FOSGP.5T8.F600.M,TKL,2004,0,,NA
FOSGP.5T8.F600.M,TKL,2007,0,,NA
FOSGP.5T8.F600.M,TKL,2008,0,,NA
FOSGP.5T8.F600.M,TTO,2019,5.701129913330078,,
FOSGP.5T8.F600.M,TTO,2021,6.414120197296143,,
FOSGP.5T8.F600.M,TTO,2022,6.463039875030518,,
FOSGP.5T8.F600.M,TTO,2023,6.442110061645508,,
FOSGP.5T8.F600.M,TUN,2012,21.22464942932129,,
FOSGP.5T8.F600.M,TUN,2015,22.06237983703613,,
FOSGP.5T8.F600.M,TUN,2016,20.48036003112793,,
FOSGP.5T8.F600.M,TUN,2018,17.93050956726074,,
FOSGP.5T8.F600.M,TUN,2020,17.91435050964355,,
FOSGP.5T8.F600.M,TUN,2021,17.91435050964355,,
FOSGP.5T8.F600.M,TUN,2022,20.11396980285645,,
FOSGP.5T8.F600.M,TUN,2023,21.82662010192871,,
FOSGP.5T8.F600.M,TUR,2000,2.6318199634552,,
FOSGP.5T8.F600.M,TUR,2004,3.82066011428833,,
FOSGP.5T8.F600.M,TUR,2005,3.478319883346558,,
FOSGP.5T8.F600.M,TUR,2006,3.198019981384277,,
FOSGP.5T8.F600.M,TUR,2007,3.59227991104126,,
FOSGP.5T8.F600.M,TUR,2008,3.748140096664429,,
FOSGP.5T8.F600.M,TUR,2009,3.682960033416748,,
FOSGP.5T8.F600.M,TUR,2010,3.691080093383789,,
FOSGP.5T8.F600.M,TUR,2011,4.082379817962646,,
FOSGP.5T8.F600.M,TUR,2012,4.084839820861816,,
FOSGP.5T8.F600.M,TUR,2014,2.937180042266846,,
FOSGP.5T8.F600.M,TUR,2018,2.498460054397583,,
FOSGP.5T8.F600.M,TUR,2019,2.459660053253174,,
FOSGP.5T8.F600.M,TUR,2020,2.918580055236816,,
FOSGP.5T8.F600.M,TUR,2021,3.474910020828247,,
FOSGP.5T8.F600.M,TUR,2022,2.522389888763428,,
FOSGP.5T8.F600.M,TUV,2000,0,,NA
FOSGP.5T8.F600.M,TUV,2001,0,,NA
FOSGP.5T8.F600.M,TUV,2002,0,,NA
FOSGP.5T8.F600.M,TUV,2003,0,,NA
FOSGP.5T8.F600.M,TUV,2004,0,,NA
FOSGP.5T8.F600.M,TUV,2008,0,,NA
FOSGP.5T8.F600.M,TZA,2021,3.588370084762573,,
FOSGP.5T8.F600.M,TZA,2022,4.320799827575684,,
FOSGP.5T8.F600.M,TZA,2023,4.751399993896484,,
FOSGP.5T8.F600.M,TZA,2024,5.790090084075928,,
FOSGP.5T8.F600.M,UGA,2000,0.3950999975204468,,
FOSGP.5T8.F600.M,UGA,2004,1.094720005989075,,
FOSGP.5T8.F600.M,UKR,2012,3.538000106811523,,
FOSGP.5T8.F600.M,UKR,2015,4.517199993133545,,
FOSGP.5T8.F600.M,UKR,2016,5.167329788208008,,
FOSGP.5T8.F600.M,UKR,2017,4.591259956359863,,
FOSGP.5T8.F600.M,UKR,2018,8.198780059814453,,
FOSGP.5T8.F600.M,UKR,2019,9.706029891967773,,
FOSGP.5T8.F600.M,UKR,2020,10.40627002716064,,
FOSGP.5T8.F600.M,UKR,2021,12.43266010284424,,
FOSGP.5T8.F600.M,UKR,2023,14.45732975006104,,
FOSGP.5T8.F600.M,URY,2007,5.649509906768799,,
FOSGP.5T8.F600.M,URY,2008,5.357140064239502,,
FOSGP.5T8.F600.M,URY,2009,6.496129989624023,,
FOSGP.5T8.F600.M,URY,2010,7.087490081787109,,
FOSGP.5T8.F600.M,URY,2017,7.923449993133545,,
FOSGP.5T8.F600.M,URY,2018,6.119009971618652,,
FOSGP.5T8.F600.M,URY,2019,7.230659961700439,,
FOSGP.5T8.F600.M,URY,2020,6.232510089874268,,
FOSGP.5T8.F600.M,URY,2021,8.140379905700684,,
FOSGP.5T8.F600.M,URY,2022,8.990289688110352,,
FOSGP.5T8.F600.M,USA,2013,5.788589954376221,,
FOSGP.5T8.F600.M,USA,2014,5.965060234069824,,
FOSGP.5T8.F600.M,USA,2015,6.742549896240234,,
FOSGP.5T8.F600.M,USA,2016,6.946609973907471,,
FOSGP.5T8.F600.M,USA,2019,8.020719528198242,,
FOSGP.5T8.F600.M,USA,2020,8.65233039855957,,
FOSGP.5T8.F600.M,USA,2021,9.279580116271973,,
FOSGP.5T8.F600.M,UZB,2018,6.201069831848145,,
FOSGP.5T8.F600.M,UZB,2019,6.21806001663208,,
FOSGP.5T8.F600.M,UZB,2020,6.85846996307373,,
FOSGP.5T8.F600.M,UZB,2021,7.057680130004883,,
FOSGP.5T8.F600.M,VCT,2000,0,,NA
FOSGP.5T8.F600.M,VCT,2001,0,,NA
FOSGP.5T8.F600.M,VCT,2002,0,,NA
FOSGP.5T8.F600.M,VCT,2003,0,,NA
FOSGP.5T8.F600.M,VCT,2004,0,,NA
FOSGP.5T8.F600.M,VGB,2002,0,,NIL
FOSGP.5T8.F600.M,VGB,2009,7.692309856414795,,
FOSGP.5T8.F600.M,VGB,2021,10.16948986053467,UIS_EST,
FOSGP.5T8.F600.M,VGB,2022,4.366809844970703,,
FOSGP.5T8.F600.M,VGB,2023,0,,NIL
FOSGP.5T8.F600.M,VNM,2005,0,,NIL
FOSGP.5T8.F600.M,VNM,2007,0,,NIL
FOSGP.5T8.F600.M,VNM,2008,0,,NIL
FOSGP.5T8.F600.M,VNM,2009,0,,NIL
FOSGP.5T8.F600.M,VNM,2010,0,,NIL
FOSGP.5T8.F600.M,VNM,2012,0,,NIL
FOSGP.5T8.F600.M,VNM,2015,1.532870054244995,,
FOSGP.5T8.F600.M,VNM,2016,3.27827000617981,,
FOSGP.5T8.F600.M,WSM,2000,7.792210102081299,,
FOSGP.5T8.F600.M,WSM,2017,0.5291000008583069,,
FOSGP.5T8.F600.M,WSM,2018,0,,NIL
FOSGP.5T8.F600.M,WSM,2019,0.4975099861621857,,
FOSGP.5T8.F600.M,WSM,2020,0,,NIL
FOSGP.5T8.F600.M,WSM,2021,0,,NIL
FOSGP.5T8.F600.M,ZAF,2014,5.181180000305176,,
FOSGP.5T8.F600.M,ZAF,2015,4.881110191345215,,
FOSGP.5T8.F600.M,ZAF,2016,4.959169864654541,,
FOSGP.5T8.F600.M,ZAF,2017,5.097660064697266,,
FOSGP.5T8.F600.M,ZAF,2018,4.878560066223145,,
FOSGP.5T8.F600.M,ZAF,2019,4.8438401222229,,
FOSGP.5T8.F600.M,ZAF,2020,5.354199886322021,,
FOSGP.5T8.F600.M,ZAF,2021,5.897840023040771,,
FOSGP.5T8.F600.M,ZAF,2022,6.744190216064453,,
FOSGP.5T8.F600.M,ZWE,2010,2.968460083007813,,
FOSGP.5T8.F600.M,ZWE,2011,9.81365966796875,,
FOSGP.5T8.F600.M,ZWE,2012,10.34444046020508,,
FOSGP.5T8.F600.M,ZWE,2015,7.777379989624023,,