country,year,pct_female_stem,country_name
ABW,2000,8.166657136923703,Aruba
ABW,2001,6.0569364253163105,Aruba
ABW,2002,14.398252867263938,Aruba
ABW,2003,3.9421771752528305,Aruba
ABW,2004,7.2106234254001516,Aruba
ABW,2005,6.881486902822176,Aruba
ABW,2006,0,Aruba
ABW,2007,13.235295602607234,Aruba
ABW,2008,10.060982871257183,Aruba
ABW,2009,7.820123635881238,Aruba
ABW,2010,3.8561888304145877,Aruba
ABW,2011,9.752556036571736,Aruba
ABW,2012,11.568401744702298,Aruba
ABW,2014,NA,Aruba
ABW,2015,NA,Aruba
ABW,2016,22.77224473236678,Aruba
AFG,2020,27.95616177629665,Afghanistan
AGO,2002,49.92470264703157,Angola
AGO,2015,41.52331135384995,Angola
AIA,2000,NA,Anguilla
AIA,2001,NA,Anguilla
AIA,2002,NA,Anguilla
AIA,2003,NA,Anguilla
AIA,2007,NA,Anguilla
ALB,2000,19.157407813370124,Albania
ALB,2003,23.19781540412918,Albania
ALB,2011,34.87332675169632,Albania
ALB,2015,38.434484224343976,Albania
ALB,2016,34.818053662849735,Albania
ALB,2017,34.77712993391515,Albania
ALB,2018,33.615334254715805,Albania
ALB,2019,31.95087023880972,Albania
ALB,2020,30.02866628719097,Albania
ALB,2021,27.869774484717485,Albania
ALB,2022,29.205200722141665,Albania
ALB,2023,29.84952363361446,Albania
AND,2002,16.16766452293474,Andorra
AND,2003,24.516127172384664,Andorra
AND,2004,12.234043467956825,Andorra
AND,2005,14.798205771742825,Andorra
AND,2006,0,Andorra
AND,2008,10.891089767068678,Andorra
AND,2012,13.103437620505321,Andorra
AND,2015,0,Andorra
AND,2016,12.068945237796093,Andorra
AND,2017,65.07938507303177,Andorra
AND,2018,0,Andorra
AND,2019,12.109373962448533,Andorra
AND,2020,12.755106975700814,Andorra
AND,2021,34.71807914042655,Andorra
AND,2022,28.331467352567874,Andorra
AND,2023,14.712148115296452,Andorra
ARE,2018,38.454844315055404,United Arab Emirates
ARE,2019,39.1261953423815,United Arab Emirates
ARE,2020,45.85044095021853,United Arab Emirates
ARE,2021,41.69131022509905,United Arab Emirates
ARE,2022,43.19012626549911,United Arab Emirates
ARE,2023,44.23246467912427,United Arab Emirates
ARG,2006,31.265600402354554,Argentina
ARG,2007,31.415395798456615,Argentina
ARG,2008,28.49619433446753,Argentina
ARG,2009,30.46250053590878,Argentina
ARG,2010,29.461769143340565,Argentina
ARG,2018,31.968128878161867,Argentina
ARG,2020,31.649850602968087,Argentina
ARG,2021,31.14318428346347,Argentina
ARG,2022,30.873527497602065,Argentina
ARM,2010,27.778149129217343,Armenia
ARM,2015,32.85083869149644,Armenia
ARM,2016,30.431862291314783,Armenia
ARM,2017,26.432594946175158,Armenia
ARM,2018,31.107323945441735,Armenia
ARM,2019,31.354902594453616,Armenia
ARM,2020,25.542034870767242,Armenia
ARM,2021,25.69008546554976,Armenia
ARM,2022,26.654070793182967,Armenia
ARM,2023,25.320560889669107,Armenia
ASM,2007,11.046523680116387,American Samoa
ATG,2009,13.461536661760354,Antigua & Barbuda
ATG,2010,36.70347732484346,Antigua & Barbuda
ATG,2011,30.882356550183175,Antigua & Barbuda
ATG,2012,6.498945526898922,Antigua & Barbuda
AUS,2000,28.486982337447476,Australia
AUS,2002,27.26848806962696,Australia
AUS,2003,27.22070454858298,Australia
AUS,2005,27.116455708572918,Australia
AUS,2006,26.124439379022927,Australia
AUS,2007,26.756914959042305,Australia
AUS,2008,26.172196326881046,Australia
AUS,2009,25.631306572707324,Australia
AUS,2011,24.406586042651355,Australia
AUS,2013,24.535445201691278,Australia
AUS,2014,24.543314061199247,Australia
AUS,2015,25.29254558816461,Australia
AUS,2017,25.66735407498875,Australia
AUS,2018,25.371102741585595,Australia
AUS,2019,24.959100801998577,Australia
AUS,2020,26.10839562583295,Australia
AUS,2021,26.61177398867864,Australia
AUS,2022,25.74057436856487,Australia
AUT,2013,21.37137811172802,Austria
AUT,2014,22.11019128162206,Austria
AUT,2015,21.46147552726391,Austria
AUT,2016,22.290443984240643,Austria
AUT,2018,23.31107967006841,Austria
AUT,2019,23.622074588406594,Austria
AUT,2020,22.907636872384884,Austria
AUT,2021,23.853783284540143,Austria
AUT,2022,24.00964130405012,Austria
AZE,2008,37.173530130028105,Azerbaijan
AZE,2009,36.525431520964915,Azerbaijan
AZE,2010,39.06891242514515,Azerbaijan
AZE,2011,40.55254211948363,Azerbaijan
AZE,2012,40.11015453966556,Azerbaijan
AZE,2015,29.185835220549492,Azerbaijan
AZE,2016,30.071023215130342,Azerbaijan
AZE,2017,32.75686661839015,Azerbaijan
AZE,2018,29.26726904890166,Azerbaijan
AZE,2019,31.409186800148426,Azerbaijan
AZE,2020,31.71526850366218,Azerbaijan
AZE,2021,32.86941081087388,Azerbaijan
AZE,2022,30.878309052054405,Azerbaijan
AZE,2023,31.43835971286233,Azerbaijan
BDI,2001,0,Burundi
BDI,2004,24.343797817805097,Burundi
BDI,2010,63.347918903618016,Burundi
BDI,2016,35.39623573498604,Burundi
BDI,2017,29.39202354830413,Burundi
BDI,2018,37.90052145875547,Burundi
BEL,2000,21.174285550706713,Belgium
BEL,2001,20.084793958687467,Belgium
BEL,2002,20.479337915604493,Belgium
BEL,2006,20.422770820022464,Belgium
BEL,2008,20.007035155753446,Belgium
BEL,2009,20.646555587481487,Belgium
BEL,2010,18.183232727338716,Belgium
BEL,2011,18.700550044273815,Belgium
BEL,2012,18.117576351844054,Belgium
BEL,2013,18.56541181034877,Belgium
BEL,2014,19.370251872607447,Belgium
BEL,2015,19.60859738191413,Belgium
BEL,2016,20.411888998172216,Belgium
BEL,2017,19.028591689390577,Belgium
BEL,2018,18.94723526538628,Belgium
BEL,2019,19.77209964719134,Belgium
BEL,2020,19.878367577060654,Belgium
BEL,2021,20.379151226998232,Belgium
BEL,2022,20.32066119335397,Belgium
BEN,2011,36.983370309309045,Benin
BEN,2014,31.6492349850408,Benin
BEN,2015,45.22016629559418,Benin
BEN,2018,30.68621415529702,Benin
BEN,2019,38.430654248282906,Benin
BEN,2020,38.747755385489945,Benin
BEN,2021,40.10032869618917,Benin
BEN,2022,40.107472420588046,Benin
BFA,2011,32.912661760993366,Burkina Faso
BFA,2012,34.34351942500671,Burkina Faso
BFA,2014,34.5938615361376,Burkina Faso
BFA,2015,20.541257584533877,Burkina Faso
BFA,2016,26.74228572176623,Burkina Faso
BFA,2017,26.11068387303949,Burkina Faso
BFA,2018,27.835367695096753,Burkina Faso
BFA,2019,26.85993626889583,Burkina Faso
BFA,2020,32.80623907117903,Burkina Faso
BFA,2021,32.577834262854275,Burkina Faso
BFA,2022,28.0090260038372,Burkina Faso
BGD,2016,38.42869010191217,Bangladesh
BGD,2017,38.42869010191217,Bangladesh
BGD,2019,39.56859295066109,Bangladesh
BGD,2020,39.56780476249645,Bangladesh
BGR,2000,33.02792848199808,Bulgaria
BGR,2001,30.22504718944082,Bulgaria
BGR,2002,33.3488886329636,Bulgaria
BGR,2003,34.946699361632874,Bulgaria
BGR,2004,34.91286658049215,Bulgaria
BGR,2005,33.86241137142283,Bulgaria
BGR,2007,32.989599603091676,Bulgaria
BGR,2008,28.54445815922669,Bulgaria
BGR,2009,29.382981718782762,Bulgaria
BGR,2010,30.580997764686774,Bulgaria
BGR,2011,30.35165940207033,Bulgaria
BGR,2012,30.649819882635487,Bulgaria
BGR,2013,30.022399473611287,Bulgaria
BGR,2014,29.716314775276288,Bulgaria
BGR,2015,28.445466048743427,Bulgaria
BGR,2016,28.196970632328554,Bulgaria
BGR,2017,27.44327798323351,Bulgaria
BGR,2018,27.824650402309075,Bulgaria
BGR,2019,26.649197431460518,Bulgaria
BGR,2020,26.95970550952211,Bulgaria
BGR,2021,26.73479616763973,Bulgaria
BHR,2003,30.450114816167588,Bahrain
BHR,2005,35.52314727829306,Bahrain
BHR,2006,28.691343475091223,Bahrain
BHR,2015,32.133221351578875,Bahrain
BHR,2016,34.082119966847706,Bahrain
BHR,2017,31.267230169698095,Bahrain
BHR,2018,28.645892416501482,Bahrain
BHR,2019,28.137252168360703,Bahrain
BHR,2020,33.44670506923819,Bahrain
BHR,2021,29.848535054550098,Bahrain
BHR,2022,31.71554465691574,Bahrain
BHR,2023,33.46218997337909,Bahrain
BIH,2015,33.4271935107758,Bosnia & Herzegovina
BIH,2016,35.516086359299656,Bosnia & Herzegovina
BIH,2017,34.3330710437778,Bosnia & Herzegovina
BIH,2018,36.17718794762441,Bosnia & Herzegovina
BIH,2019,35.1153320181835,Bosnia & Herzegovina
BIH,2020,37.33677543218454,Bosnia & Herzegovina
BIH,2021,35.86497375810006,Bosnia & Herzegovina
BIH,2022,35.14427875098031,Bosnia & Herzegovina
BIH,2023,34.1537345206134,Bosnia & Herzegovina
BLR,2015,20.878276905769326,Belarus
BLR,2016,21.274105634710665,Belarus
BLR,2017,21.059647318922178,Belarus
BLR,2018,22.149295823103664,Belarus
BLR,2019,22.007891813125326,Belarus
BLR,2020,20.994194636171127,Belarus
BLR,2021,21.082736917394737,Belarus
BLR,2022,21.225543479770916,Belarus
BLR,2023,22.446683573455598,Belarus
BLZ,2014,NA,Belize
BLZ,2015,28.55714744442377,Belize
BLZ,2020,35.1160611712484,Belize
BLZ,2021,29.01845746049321,Belize
BLZ,2022,31.128733681205695,Belize
BLZ,2023,29.55300322354107,Belize
BMU,2001,9.913798659004028,Bermuda
BMU,2005,14.028057636172624,Bermuda
BMU,2007,12.109366195752306,Bermuda
BMU,2009,11.449018296754039,Bermuda
BMU,2010,18.823522708458025,Bermuda
BMU,2011,20.09925863163837,Bermuda
BMU,2012,16.46587311025593,Bermuda
BMU,2014,NA,Bermuda
BMU,2015,13.325605146184696,Bermuda
BMU,2017,17.10145236117132,Bermuda
BMU,2018,21.776350013408933,Bermuda
BMU,2023,9.233783335998899,Bermuda
BRA,2001,27.58369174886713,Brazil
BRA,2002,26.690473482481686,Brazil
BRA,2003,26.64835663057351,Brazil
BRA,2004,25.810560442435037,Brazil
BRA,2005,25.21577595345539,Brazil
BRA,2007,24.82095412767442,Brazil
BRA,2008,25.171691835543758,Brazil
BRA,2009,23.42938779440135,Brazil
BRA,2010,22.371594044537687,Brazil
BRA,2011,23.02702791272769,Brazil
BRA,2012,23.53249980879881,Brazil
BRA,2014,25.80128798926264,Brazil
BRA,2015,25.0718037244124,Brazil
BRA,2016,25.757271303739955,Brazil
BRA,2017,27.23670512972081,Brazil
BRA,2018,26.283345722587935,Brazil
BRA,2019,26.528512943171595,Brazil
BRA,2020,25.526555594177974,Brazil
BRA,2022,23.375742800494002,Brazil
BRB,2007,NA,Barbados
BRB,2010,NA,Barbados
BRN,2000,35.39661210619629,Brunei
BRN,2001,26.524181096495035,Brunei
BRN,2003,34.72888892838855,Brunei
BRN,2004,29.501205287103012,Brunei
BRN,2005,29.646581240483556,Brunei
BRN,2006,45.369348511561874,Brunei
BRN,2007,24.959672080516782,Brunei
BRN,2008,32.72079382200408,Brunei
BRN,2009,32.668686526324706,Brunei
BRN,2010,30.17354507322743,Brunei
BRN,2011,36.287496975667324,Brunei
BRN,2012,34.19825985137594,Brunei
BRN,2015,35.794634974588035,Brunei
BRN,2018,40.98682475274309,Brunei
BRN,2019,40.04237584011665,Brunei
BRN,2020,42.48509733365597,Brunei
BRN,2023,38.08613739678544,Brunei
BWA,2020,29.561187897133895,Botswana
BWA,2021,26.059348888945323,Botswana
BWA,2022,29.646648446844743,Botswana
BWA,2023,26.234106140179094,Botswana
CAN,2013,25.7088148372065,Canada
CAN,2014,25.130417586547864,Canada
CAN,2015,25.18113727347528,Canada
CAN,2016,25.262712875474058,Canada
CAN,2018,24.877206782525583,Canada
CAN,2019,27.41824896288328,Canada
CAN,2020,27.65287329860191,Canada
CAN,2021,28.28118541806393,Canada
CAN,2022,28.84719308873497,Canada
CHE,2000,20.001189863715545,Switzerland
CHE,2001,20.545174464403996,Switzerland
CHE,2002,20.157286043987874,Switzerland
CHE,2003,19.614713294964325,Switzerland
CHE,2004,20.485456263711573,Switzerland
CHE,2005,21.776954511136513,Switzerland
CHE,2006,21.57863766477704,Switzerland
CHE,2008,21.108295336972542,Switzerland
CHE,2009,21.37470423575321,Switzerland
CHE,2010,21.105339175344564,Switzerland
CHE,2011,22.30209277751296,Switzerland
CHE,2013,22.793359602447914,Switzerland
CHE,2014,23.155933182065706,Switzerland
CHE,2015,23.808637484295485,Switzerland
CHE,2016,22.822900347293853,Switzerland
CHE,2017,23.36070599923595,Switzerland
CHE,2018,23.785342343204206,Switzerland
CHE,2019,23.841739925510282,Switzerland
CHE,2020,24.823667986989136,Switzerland
CHE,2021,24.584957939007364,Switzerland
CHE,2022,24.69080450342164,Switzerland
CHL,2004,23.739680333688693,Chile
CHL,2006,25.766961928573483,Chile
CHL,2007,21.64813775109761,Chile
CHL,2008,20.119036604217545,Chile
CHL,2009,18.1418036935864,Chile
CHL,2010,17.074016521659097,Chile
CHL,2012,16.37944716523776,Chile
CHL,2013,15.62519250680801,Chile
CHL,2014,15.373680319075032,Chile
CHL,2015,14.873421130493938,Chile
CHL,2016,14.750784939610085,Chile
CHL,2017,14.90697386503176,Chile
CHL,2018,14.848164507562009,Chile
CHL,2019,14.995715581609428,Chile
CHL,2020,15.902767563326728,Chile
CHL,2021,14.797701343331646,Chile
CHL,2022,16.443125555881277,Chile
CMR,2019,29.490691477835153,Cameroon
CMR,2020,30.424704316707267,Cameroon
CMR,2021,29.357646277643983,Cameroon
CMR,2022,26.03363695559539,Cameroon
CMR,2023,25.25729568794159,Cameroon
COD,2016,38.213087007296146,Congo - Kinshasa
COG,2017,26.8347253259004,Congo - Brazzaville
COK,2000,NA,Cook Islands
COK,2001,NA,Cook Islands
COK,2002,NA,Cook Islands
COK,2003,NA,Cook Islands
COK,2004,NA,Cook Islands
COK,2008,NA,Cook Islands
COK,2023,NA,Cook Islands
COL,2002,30.858396534863235,Colombia
COL,2011,30.90220217568656,Colombia
COL,2012,30.79650064625394,Colombia
COL,2014,29.226252898714716,Colombia
COL,2015,28.697544767983256,Colombia
COL,2016,28.46730977976139,Colombia
COL,2017,28.964028696033946,Colombia
COL,2018,28.150087855242596,Colombia
COL,2019,29.448761076721407,Colombia
COL,2020,30.51795453490365,Colombia
COL,2021,29.854416695433773,Colombia
COM,2000,NA,Comoros
COM,2014,NA,Comoros
CPV,2016,26.806338431078807,Cape Verde
CPV,2017,20.7147474128716,Cape Verde
CPV,2018,28.854602296754813,Cape Verde
CRI,2001,22.91776160326629,Costa Rica
CRI,2002,20.442650539160777,Costa Rica
CRI,2007,21.03220086739391,Costa Rica
CRI,2010,18.91564893597412,Costa Rica
CRI,2011,21.683649699590514,Costa Rica
CRI,2015,21.173665911727294,Costa Rica
CRI,2016,22.80252202631024,Costa Rica
CRI,2017,23.44150772276904,Costa Rica
CRI,2018,22.847658963174755,Costa Rica
CRI,2019,23.181880930547504,Costa Rica
CRI,2020,24.086348656088678,Costa Rica
CRI,2021,24.532129734509706,Costa Rica
CRI,2022,27.10684552933753,Costa Rica
CRI,2023,27.10684552933753,Costa Rica
CUB,2016,33.58019694283198,Cuba
CUB,2019,34.867392064762456,Cuba
CUB,2020,29.16438000877734,Cuba
CUB,2021,32.228723339422054,Cuba
CUB,2023,28.888924697716977,Cuba
CUW,2013,NA,Cura√ßao
CYM,2006,22.580645772594597,Cayman Islands
CYM,2007,14.99998976513667,Cayman Islands
CYM,2008,23.41361177021391,Cayman Islands
CYP,2002,24.969233587032168,Cyprus
CYP,2003,24.057679933720692,Cyprus
CYP,2004,100,Cyprus
CYP,2006,25.98610468471791,Cyprus
CYP,2007,24.270752478417577,Cyprus
CYP,2008,27.02570827434504,Cyprus
CYP,2009,28.509829161192435,Cyprus
CYP,2010,30.16827032617374,Cyprus
CYP,2011,26.84215741742285,Cyprus
CYP,2012,38.8792497579063,Cyprus
CYP,2013,28.665816823774147,Cyprus
CYP,2014,26.708120710454974,Cyprus
CYP,2015,28.39479686644944,Cyprus
CYP,2016,28.686936192601653,Cyprus
CYP,2017,25.828256219537167,Cyprus
CYP,2018,27.031331412763947,Cyprus
CYP,2019,24.443845851482006,Cyprus
CYP,2020,24.502288560175423,Cyprus
CYP,2021,21.56332842771656,Cyprus
CYP,2022,19.610026817059282,Cyprus
CZE,2000,23.203697547008613,Czechia
CZE,2001,23.51526750517059,Czechia
CZE,2002,23.776353827531796,Czechia
CZE,2003,25.408370506533206,Czechia
CZE,2004,23.51306357474216,Czechia
CZE,2005,22.426889825508756,Czechia
CZE,2007,24.913453065904413,Czechia
CZE,2008,24.399322035138265,Czechia
CZE,2009,23.855902718730135,Czechia
CZE,2010,22.74717647210016,Czechia
CZE,2011,23.285413589975995,Czechia
CZE,2012,23.60927056845428,Czechia
CZE,2013,24.07254425003985,Czechia
CZE,2014,25.558844933237612,Czechia
CZE,2015,25.59217285777944,Czechia
CZE,2016,25.555672535580864,Czechia
CZE,2017,25.90642650825216,Czechia
CZE,2018,26.880375667244515,Czechia
CZE,2019,27.07973575184569,Czechia
CZE,2020,27.219856491763707,Czechia
CZE,2021,27.43406581840891,Czechia
CZE,2022,26.96057856957707,Czechia
DEU,2000,21.44357178851859,Germany
DEU,2001,21.295471889983993,Germany
DEU,2002,21.596778586306897,Germany
DEU,2015,26.732475935331546,Germany
DEU,2016,26.5787819228522,Germany
DEU,2017,26.666885142109685,Germany
DEU,2018,26.83893508741777,Germany
DEU,2019,26.182889222923926,Germany
DEU,2020,26.65086077708002,Germany
DEU,2021,26.897605650447332,Germany
DEU,2022,27.08518315698537,Germany
DJI,2011,NA,Djibouti
DNK,2000,25.265428540170117,Denmark
DNK,2001,23.828195272531005,Denmark
DNK,2002,23.568326637321842,Denmark
DNK,2003,24.049978535993173,Denmark
DNK,2004,25.083110588046075,Denmark
DNK,2005,26.404332883968486,Denmark
DNK,2006,27.358350408909875,Denmark
DNK,2007,29.490143180570666,Denmark
DNK,2008,29.51709976693443,Denmark
DNK,2009,29.134721046969066,Denmark
DNK,2010,29.310378862912227,Denmark
DNK,2011,30.7736936326735,Denmark
DNK,2012,30.440432150651937,Denmark
DNK,2013,28.784390343621908,Denmark
DNK,2014,28.757772068852944,Denmark
DNK,2015,25.870930562763167,Denmark
DNK,2016,28.138793768644828,Denmark
DNK,2017,28.739752783145196,Denmark
DNK,2018,27.38390243221673,Denmark
DNK,2019,28.374001920366705,Denmark
DNK,2020,27.595490864355522,Denmark
DNK,2021,29.007218290621246,Denmark
DNK,2023,29.50797666054678,Denmark
DOM,2015,29.337865047794143,Dominican Republic
DOM,2016,18.264497109339747,Dominican Republic
DOM,2017,25.723504280680686,Dominican Republic
DOM,2020,16.0663438401092,Dominican Republic
DOM,2021,16.938850001752897,Dominican Republic
DOM,2022,16.01793041612421,Dominican Republic
DZA,2007,37.13601408450321,Algeria
DZA,2009,35.0996065932007,Algeria
DZA,2010,38.090161477472215,Algeria
DZA,2011,34.92153793538197,Algeria
DZA,2015,40.674386503474736,Algeria
DZA,2016,41.05125471809962,Algeria
DZA,2018,43.39448656511995,Algeria
DZA,2019,43.85754667491843,Algeria
DZA,2021,43.16539174966581,Algeria
DZA,2022,42.93451572672205,Algeria
DZA,2023,40.820613230546414,Algeria
ECU,2007,29.663253786435995,Ecuador
ECU,2008,25.10443011420524,Ecuador
ECU,2014,21.534179879606747,Ecuador
ECU,2015,23.0828775353481,Ecuador
ECU,2016,23.264896150215428,Ecuador
ECU,2018,18.721322568228267,Ecuador
ECU,2019,24.247778005443177,Ecuador
ECU,2020,24.168468701338917,Ecuador
ECU,2022,24.885123732697913,Ecuador
EGY,2016,33.576772924627285,Egypt
EGY,2022,33.126931866333585,Egypt
EGY,2023,34.6399419780501,Egypt
EGY,2024,32.502729736694164,Egypt
ERI,2000,31.7545953898538,Eritrea
ERI,2002,15.236196947810972,Eritrea
ERI,2003,40.87378160728872,Eritrea
ERI,2004,34.108915479465495,Eritrea
ERI,2015,NA,Eritrea
ERI,2016,39.63816606214919,Eritrea
ESP,2000,25.775468192291406,Spain
ESP,2001,25.76236761024476,Spain
ESP,2002,25.507499778498406,Spain
ESP,2003,25.180691600629224,Spain
ESP,2004,24.687385695592774,Spain
ESP,2005,23.84558001211228,Spain
ESP,2006,24.077015293198876,Spain
ESP,2007,24.085677766496076,Spain
ESP,2008,24.253756759399014,Spain
ESP,2009,24.520251432995433,Spain
ESP,2010,24.860260778094663,Spain
ESP,2011,24.422822061285398,Spain
ESP,2012,25.895222250755918,Spain
ESP,2013,24.908720542566993,Spain
ESP,2014,24.278863237676614,Spain
ESP,2015,25.02845388848315,Spain
ESP,2016,24.982496394511912,Spain
ESP,2017,24.984941327325117,Spain
ESP,2018,24.01582333490058,Spain
ESP,2020,23.439766248719994,Spain
ESP,2021,22.74463015349318,Spain
ESP,2022,22.757836358669895,Spain
EST,2000,22.758289293726484,Estonia
EST,2001,22.058104863637865,Estonia
EST,2002,25.751952148527796,Estonia
EST,2003,26.933909170304943,Estonia
EST,2004,23.736191366917055,Estonia
EST,2005,27.120952419788875,Estonia
EST,2006,25.804926526803513,Estonia
EST,2007,25.108949254115625,Estonia
EST,2008,27.5969552856697,Estonia
EST,2009,25.69250148866319,Estonia
EST,2010,24.842004731343355,Estonia
EST,2011,25.35599089936519,Estonia
EST,2012,24.463407466060357,Estonia
EST,2013,25.79264768496426,Estonia
EST,2014,26.22400113090057,Estonia
EST,2015,26.040685609135778,Estonia
EST,2016,25.889948470386205,Estonia
EST,2017,26.697875530716882,Estonia
EST,2018,27.93470799237286,Estonia
EST,2019,27.83846348223259,Estonia
EST,2020,29.158475042423397,Estonia
EST,2021,26.691200920436376,Estonia
EST,2022,27.97665541105474,Estonia
ETH,2000,23.919595690930308,Ethiopia
ETH,2002,29.11371972509877,Ethiopia
ETH,2003,28.732288522080623,Ethiopia
ETH,2004,29.892472784813712,Ethiopia
ETH,2005,28.07149961743719,Ethiopia
ETH,2008,38.087315048351215,Ethiopia
FIN,2000,19.318572784047237,Finland
FIN,2001,19.424276279240598,Finland
FIN,2002,19.734113391422103,Finland
FIN,2003,21.34256057991624,Finland
FIN,2004,20.988293406943942,Finland
FIN,2009,19.98143597572841,Finland
FIN,2010,20.642106724676506,Finland
FIN,2011,20.761448735791774,Finland
FIN,2012,20.152468830611664,Finland
FIN,2013,20.082332529722237,Finland
FIN,2014,19.70905114435021,Finland
FIN,2015,20.262077668356106,Finland
FIN,2016,20.266017913272822,Finland
FIN,2017,19.927765063922074,Finland
FIN,2018,20.194193849199532,Finland
FIN,2019,20.50991391121057,Finland
FIN,2020,22.216673086907637,Finland
FIN,2021,21.93515070018971,Finland
FIN,2022,23.18893873028656,Finland
FJI,2019,38.17891536943244,Fiji
FRA,2000,26.073019874386894,France
FRA,2002,25.499328364143764,France
FRA,2003,25.27588106552759,France
FRA,2004,24.17834983671518,France
FRA,2006,24.498520436706148,France
FRA,2007,24.5264878472499,France
FRA,2008,25.121791375933373,France
FRA,2009,25.42176859390995,France
FRA,2012,25.23489185811329,France
FRA,2013,25.82629148695762,France
FRA,2014,25.791047491184884,France
FRA,2015,26.273920642371547,France
FRA,2016,26.728749413801644,France
FRA,2018,26.459652639442638,France
FRA,2019,26.688021474405875,France
FRA,2020,26.772212127187046,France
FRA,2021,27.095200822327627,France
FRA,2022,36.29847717217427,France
GBR,2000,28.159822136115885,United Kingdom
GBR,2001,27.748675347643776,United Kingdom
GBR,2002,27.58194297184125,United Kingdom
GBR,2003,28.40468742313326,United Kingdom
GBR,2004,25.02043266613007,United Kingdom
GBR,2005,24.404536284177755,United Kingdom
GBR,2006,24.371678835542728,United Kingdom
GBR,2007,24.63810177946791,United Kingdom
GBR,2008,24.902859708834004,United Kingdom
GBR,2009,25.022682887832744,United Kingdom
GBR,2010,25.02602903845501,United Kingdom
GBR,2011,25.23915908159528,United Kingdom
GBR,2012,25.27438303172688,United Kingdom
GBR,2013,30.938485444886123,United Kingdom
GBR,2014,31.425588517567686,United Kingdom
GBR,2015,31.455923634461293,United Kingdom
GBR,2016,31.520470491346313,United Kingdom
GBR,2019,32.692772566996496,United Kingdom
GBR,2020,26.0786280455322,United Kingdom
GBR,2021,26.82574116026586,United Kingdom
GEO,2000,39.29382473751143,Georgia
GEO,2001,36.67795058565118,Georgia
GEO,2002,36.55721780040888,Georgia
GEO,2003,36.037298899118554,Georgia
GEO,2004,34.744152331296895,Georgia
GEO,2006,37.384202502384895,Georgia
GEO,2007,36.45950327172326,Georgia
GEO,2010,30.893900691526888,Georgia
GEO,2012,33.53242052518619,Georgia
GEO,2016,34.377743811839984,Georgia
GEO,2017,33.6981139043534,Georgia
GEO,2018,34.59224893317853,Georgia
GEO,2019,31.842780763067978,Georgia
GEO,2020,36.141921020663844,Georgia
GEO,2021,37.297644927706585,Georgia
GEO,2022,38.18454121888599,Georgia
GEO,2023,35.530191660852836,Georgia
GHA,2015,27.957084596346515,Ghana
GHA,2016,26.636909330006937,Ghana
GHA,2017,29.48085566025752,Ghana
GHA,2018,26.137449938717154,Ghana
GHA,2019,24.322962123010516,Ghana
GHA,2020,22.941741815602082,Ghana
GHA,2021,23.80015882447686,Ghana
GHA,2022,23.672197587816434,Ghana
GHA,2023,23.049779525222952,Ghana
GIB,2000,NA,Gibraltar
GIB,2001,NA,Gibraltar
GIB,2002,NA,Gibraltar
GIB,2003,NA,Gibraltar
GIB,2004,NA,Gibraltar
GIB,2005,NA,Gibraltar
GIB,2006,NA,Gibraltar
GIB,2008,NA,Gibraltar
GIB,2009,NA,Gibraltar
GIB,2010,NA,Gibraltar
GIB,2020,NA,Gibraltar
GMB,2004,35.481037658005135,Gambia
GMB,2011,49.007248020918205,Gambia
GMB,2012,NA,Gambia
GRC,2004,30.872548762071794,Greece
GRC,2005,30.64957145141965,Greece
GRC,2007,35.80976344222673,Greece
GRC,2008,33.0816052294844,Greece
GRC,2010,30.656960030272828,Greece
GRC,2011,30.219547324137984,Greece
GRC,2012,30.025529362495927,Greece
GRC,2013,30.410985347663594,Greece
GRC,2014,30.64609944156984,Greece
GRC,2016,31.268687127558444,Greece
GRC,2017,32.37189825698793,Greece
GRC,2018,31.99314540833148,Greece
GRC,2019,31.90548030791059,Greece
GRC,2020,32.864735601052374,Greece
GRC,2021,32.2803330353298,Greece
GRC,2022,31.48160902288259,Greece
GRD,2015,40.21629842303251,Grenada
GRD,2017,30.049724980489952,Grenada
GRD,2018,35.79232401690721,Grenada
GTM,2002,34.67856540656595,Guatemala
GTM,2007,34.094507077917854,Guatemala
GTM,2014,28.193014272903717,Guatemala
GTM,2015,24.26154342037048,Guatemala
GUY,2005,15.995967697982532,Guyana
GUY,2006,17.798326427054036,Guyana
GUY,2007,18.989269392209632,Guyana
GUY,2008,15.496895692096615,Guyana
GUY,2009,15.766456180381383,Guyana
GUY,2010,10.855028553868536,Guyana
GUY,2011,8.891287582332879,Guyana
GUY,2012,11.147959959156385,Guyana
HKG,2003,24.85339625407433,Hong Kong SAR China
HKG,2004,24.06680292149305,Hong Kong SAR China
HKG,2005,24.055606919868115,Hong Kong SAR China
HKG,2006,23.482793170364072,Hong Kong SAR China
HND,2003,35.64443784677979,Honduras
HND,2012,25.663341537095118,Honduras
HND,2015,24.829402865623447,Honduras
HND,2016,25.89874196176851,Honduras
HND,2017,28.682358525727086,Honduras
HND,2018,26.44563565815887,Honduras
HND,2019,26.46573777999584,Honduras
HRV,2001,34.02044331252972,Croatia
HRV,2002,31.22672462162923,Croatia
HRV,2003,29.14310176447268,Croatia
HRV,2005,25.52298892570298,Croatia
HRV,2006,27.6208370824078,Croatia
HRV,2007,25.5096031594285,Croatia
HRV,2008,26.23139388624066,Croatia
HRV,2009,26.90193447149213,Croatia
HRV,2010,28.35893854903683,Croatia
HRV,2012,26.69840516533168,Croatia
HRV,2014,27.801208796141857,Croatia
HRV,2015,26.972448183406755,Croatia
HRV,2016,29.08063871829975,Croatia
HRV,2017,30.125539252529045,Croatia
HRV,2018,27.979267963006542,Croatia
HRV,2019,27.783550346210035,Croatia
HRV,2020,28.989979861590427,Croatia
HRV,2022,28.742642816836465,Croatia
HUN,2000,21.085718080167496,Hungary
HUN,2001,21.467093533933678,Hungary
HUN,2002,22.036144124252353,Hungary
HUN,2003,19.925134466332505,Hungary
HUN,2004,19.400871575955204,Hungary
HUN,2005,21.3045173619404,Hungary
HUN,2006,18.902080757292083,Hungary
HUN,2008,16.476459728438506,Hungary
HUN,2009,19.311795941383753,Hungary
HUN,2010,21.382356540651497,Hungary
HUN,2011,19.422606704900858,Hungary
HUN,2012,19.656316699124847,Hungary
HUN,2013,19.746642553664355,Hungary
HUN,2014,21.18071941309232,Hungary
HUN,2015,22.895095761528356,Hungary
HUN,2016,22.502379589498574,Hungary
HUN,2017,23.206239712210028,Hungary
HUN,2018,22.91986223306107,Hungary
HUN,2019,22.314364967426958,Hungary
HUN,2020,20.03170238372089,Hungary
HUN,2021,21.544814992906073,Hungary
HUN,2022,22.19029347888015,Hungary
IDN,2015,29.480985846939976,Indonesia
IDN,2016,29.42506196007321,Indonesia
IDN,2017,30.082002387069668,Indonesia
IDN,2018,29.654676178205296,Indonesia
IND,2013,42.94398937886912,India
IND,2014,42.107357730908674,India
IND,2015,41.624610488653964,India
IND,2016,42.38029847420583,India
IND,2017,42.26997506241626,India
IND,2018,42.23689748287821,India
IND,2019,42.713729379909005,India
IND,2020,40.87328219347981,India
IND,2021,43.39909247258225,India
IND,2022,43.71726895951634,India
IND,2023,42.30812725260592,India
IRL,2000,33.25163277551144,Ireland
IRL,2001,31.041014889540808,Ireland
IRL,2002,29.297415521717152,Ireland
IRL,2003,28.154417067752895,Ireland
IRL,2004,25.72926332130663,Ireland
IRL,2009,23.925296490379573,Ireland
IRL,2010,23.710135585252196,Ireland
IRL,2012,25.734601181689936,Ireland
IRL,2013,20.975558450209515,Ireland
IRL,2014,24.695803145545273,Ireland
IRL,2015,26.90507640220339,Ireland
IRL,2016,27.473676366989668,Ireland
IRL,2018,28.48199540660921,Ireland
IRL,2019,28.20105719838847,Ireland
IRL,2020,28.52267025087659,Ireland
IRL,2021,29.03042521529632,Ireland
IRL,2022,30.04029481464147,Ireland
IRN,2004,33.1811910454788,Iran
IRN,2005,36.90326725069444,Iran
IRN,2006,34.06942747847547,Iran
IRN,2007,36.90326725069444,Iran
IRN,2009,36.47923980514982,Iran
IRN,2011,37.347621817600675,Iran
IRN,2012,37.284053969801036,Iran
IRN,2015,37.84515575618358,Iran
IRN,2016,38.081511067796846,Iran
IRN,2017,38.82797712191853,Iran
IRN,2018,37.37888031596803,Iran
IRN,2019,37.52049704286621,Iran
IRN,2020,37.052599681720494,Iran
IRN,2021,37.05253209095549,Iran
IRN,2022,36.2758527792701,Iran
IRQ,2004,31.447604721540923,Iraq
ISL,2000,25.205001480952728,Iceland
ISL,2001,25.206529995112643,Iceland
ISL,2002,23.871317037106447,Iceland
ISL,2003,23.693409667474437,Iceland
ISL,2004,23.80632652045085,Iceland
ISL,2005,22.340792674014363,Iceland
ISL,2006,24.243119858223952,Iceland
ISL,2007,20.120091851081344,Iceland
ISL,2008,21.680754670045506,Iceland
ISL,2009,23.509095468027542,Iceland
ISL,2010,27.783310498838055,Iceland
ISL,2018,22.871310659310073,Iceland
ISL,2019,26.99838819804831,Iceland
ISL,2020,23.79456851186047,Iceland
ISL,2021,26.041437933854876,Iceland
ISL,2022,24.388299125264744,Iceland
ISR,2020,24.519588749553222,Israel
ISR,2021,24.12233109064348,Israel
ISR,2022,24.61827242747454,Israel
ITA,2000,31.54248303370372,Italy
ITA,2001,32.01516455048473,Italy
ITA,2002,29.008541841056978,Italy
ITA,2003,30.117388615352198,Italy
ITA,2004,29.739359819745115,Italy
ITA,2005,29.765089522511712,Italy
ITA,2006,29.841523197980656,Italy
ITA,2007,29.68712648042111,Italy
ITA,2008,30.996183570023312,Italy
ITA,2011,30.625914427267148,Italy
ITA,2012,33.35127588089613,Italy
ITA,2013,31.795098142675865,Italy
ITA,2014,31.43850349813481,Italy
ITA,2015,32.11268878971551,Italy
ITA,2016,31.662531876511164,Italy
ITA,2018,31.819013497570364,Italy
ITA,2019,32.01775469682493,Italy
ITA,2020,31.18928313684662,Italy
ITA,2021,31.917589974378767,Italy
ITA,2022,31.795160651405386,Italy
JOR,2004,35.240672733751715,Jordan
JOR,2005,29.144929423772954,Jordan
JOR,2007,35.70801351355345,Jordan
JOR,2020,35.42389781872347,Jordan
JOR,2021,34.09308309322655,Jordan
JOR,2022,36.164397287292424,Jordan
JOR,2023,34.58023807029398,Jordan
KAZ,2016,29.639718744649535,Kazakhstan
KAZ,2017,27.965624762209718,Kazakhstan
KAZ,2018,28.341049683971555,Kazakhstan
KAZ,2019,27.170037639325923,Kazakhstan
KAZ,2020,28.00135132564245,Kazakhstan
KEN,2000,30.338249560533047,Kenya
KEN,2001,28.639638579995356,Kenya
KGZ,2001,42.47159081158644,Kyrgyzstan
KGZ,2002,41.99610262032722,Kyrgyzstan
KGZ,2003,36.165612664354505,Kyrgyzstan
KGZ,2004,39.86434806044313,Kyrgyzstan
KGZ,2005,50.06529687973844,Kyrgyzstan
KGZ,2006,36.97247066928688,Kyrgyzstan
KGZ,2007,34.616795937123534,Kyrgyzstan
KGZ,2008,31.948015534436585,Kyrgyzstan
KGZ,2009,31.705639230288234,Kyrgyzstan
KGZ,2010,31.357679171417285,Kyrgyzstan
KGZ,2011,30.80812182507563,Kyrgyzstan
KGZ,2012,30.69635481291525,Kyrgyzstan
KGZ,2015,27.62155136196786,Kyrgyzstan
KGZ,2016,22.520194375053197,Kyrgyzstan
KGZ,2017,29.908367965761663,Kyrgyzstan
KGZ,2018,25.072205316960254,Kyrgyzstan
KGZ,2019,27.615338100464832,Kyrgyzstan
KGZ,2020,26.747733589402188,Kyrgyzstan
KGZ,2021,27.509114771105857,Kyrgyzstan
KGZ,2022,34.81256929459096,Kyrgyzstan
KGZ,2023,20.824550640186988,Kyrgyzstan
KGZ,2024,28.80159634356223,Kyrgyzstan
KHM,2000,55.06139009244482,Cambodia
KHM,2001,42.31449046028091,Cambodia
KHM,2002,39.83182270238773,Cambodia
KHM,2004,25.451289375644,Cambodia
KHM,2007,23.40940216682957,Cambodia
KHM,2008,22.34548429378744,Cambodia
KHM,2019,27.5241719829409,Cambodia
KIR,2008,NA,Kiribati
KIR,2012,NA,Kiribati
KOR,2000,33.14022429082025,South Korea
KOR,2001,33.19253400459947,South Korea
KOR,2002,33.537482033352106,South Korea
KOR,2003,31.743387753447205,South Korea
KOR,2004,29.792686954023445,South Korea
KOR,2006,28.233586107010783,South Korea
KOR,2007,27.281091227724907,South Korea
KOR,2008,26.794526105384286,South Korea
KOR,2009,27.183807433632108,South Korea
KOR,2011,27.167232185760998,South Korea
KOR,2015,25.210134153908477,South Korea
KOR,2016,25.53874578496964,South Korea
KOR,2017,24.27630279530901,South Korea
KOR,2019,24.14415385932147,South Korea
KOR,2020,24.486612411918284,South Korea
KOR,2021,25.449859830607828,South Korea
KOR,2022,26.01163704087,South Korea
LAO,2001,26.29610254513531,Laos
LAO,2004,31.17552794360502,Laos
LAO,2005,23.105943794677117,Laos
LAO,2009,21.303041486447743,Laos
LAO,2011,23.16393580689684,Laos
LAO,2012,21.150804574318734,Laos
LAO,2015,24.13756696880007,Laos
LAO,2016,23.28401062199778,Laos
LAO,2017,25.795631750257357,Laos
LAO,2018,28.256217575400317,Laos
LAO,2019,27.53238773195897,Laos
LBN,2000,30.925703026966772,Lebanon
LBN,2001,29.65869144942694,Lebanon
LBN,2002,28.04700168653414,Lebanon
LBN,2004,34.768493458830704,Lebanon
LBN,2005,26.3147315709121,Lebanon
LBN,2006,29.596462944872215,Lebanon
LBN,2007,30.880103254589898,Lebanon
LBN,2008,32.43448870844403,Lebanon
LBN,2009,36.90492640483393,Lebanon
LBN,2010,37.41241735919134,Lebanon
LBN,2011,37.27263328039986,Lebanon
LBR,2000,61.18532859748736,Liberia
LCA,2023,14.716837619880197,St. Lucia
LIE,2003,63.30275220126881,Liechtenstein
LIE,2004,76.71232868193869,Liechtenstein
LIE,2006,42.18749986169862,Liechtenstein
LIE,2007,47.95847495417377,Liechtenstein
LIE,2008,36.60946853671861,Liechtenstein
LIE,2009,47.423476658544274,Liechtenstein
LIE,2010,73.24841000824935,Liechtenstein
LIE,2011,66.05503887956013,Liechtenstein
LIE,2012,61.586024627304106,Liechtenstein
LIE,2018,66.00673426879248,Liechtenstein
LIE,2019,73.33469668169175,Liechtenstein
LIE,2020,68.2825816860667,Liechtenstein
LKA,2015,28.1536997139792,Sri Lanka
LKA,2016,31.80516231270964,Sri Lanka
LKA,2017,33.63289141727381,Sri Lanka
LKA,2018,30.915046751064867,Sri Lanka
LKA,2019,30.908839137949922,Sri Lanka
LKA,2020,26.270651481593287,Sri Lanka
LKA,2021,30.252176246277784,Sri Lanka
LKA,2022,29.475127968318098,Sri Lanka
LKA,2023,28.85790320877039,Sri Lanka
LSO,2012,21.479358934494247,Lesotho
LSO,2015,16.47271663889189,Lesotho
LSO,2018,18.534138847302792,Lesotho
LTU,2000,25.495542246077623,Lithuania
LTU,2001,25.197110900503766,Lithuania
LTU,2002,25.316383260597462,Lithuania
LTU,2003,23.60983428441958,Lithuania
LTU,2004,22.781053087447265,Lithuania
LTU,2005,22.524824933072942,Lithuania
LTU,2006,20.228414498755466,Lithuania
LTU,2007,20.371410374770875,Lithuania
LTU,2008,21.269494802151325,Lithuania
LTU,2009,19.492767719270795,Lithuania
LTU,2010,18.628646977640432,Lithuania
LTU,2011,19.523033605870207,Lithuania
LTU,2012,18.87702020055891,Lithuania
LTU,2013,18.700648590632255,Lithuania
LTU,2014,20.506154200451032,Lithuania
LTU,2015,20.481591375550853,Lithuania
LTU,2016,20.359393280893965,Lithuania
LTU,2017,20.665876899755954,Lithuania
LTU,2018,22.148166612119272,Lithuania
LTU,2019,21.47005284803744,Lithuania
LTU,2020,21.678338186085952,Lithuania
LTU,2021,20.988797800551055,Lithuania
LTU,2022,21.196300873479615,Lithuania
LUX,2008,23.493970925948194,Luxembourg
LUX,2012,33.56834696487358,Luxembourg
LUX,2013,28.3523504190766,Luxembourg
LUX,2014,23.872332653830746,Luxembourg
LUX,2015,17.682734125466055,Luxembourg
LUX,2016,26.172361159402424,Luxembourg
LUX,2018,19.451152327326984,Luxembourg
LUX,2019,22.93722949590409,Luxembourg
LUX,2020,25.665021225102475,Luxembourg
LUX,2021,28.211035787661682,Luxembourg
LUX,2022,29.08289731261776,Luxembourg
LVA,2000,21.577001995894346,Latvia
LVA,2001,36.352170886529365,Latvia
LVA,2002,23.032783319526185,Latvia
LVA,2003,22.200919484075417,Latvia
LVA,2004,18.65721241919908,Latvia
LVA,2005,18.027824930686425,Latvia
LVA,2006,18.217820378857784,Latvia
LVA,2007,17.47385343099499,Latvia
LVA,2008,17.571191439086455,Latvia
LVA,2009,17.13091496991276,Latvia
LVA,2010,17.166739349370634,Latvia
LVA,2011,16.236664289095774,Latvia
LVA,2012,18.544581516154743,Latvia
LVA,2013,18.03055540986452,Latvia
LVA,2014,21.339029900073523,Latvia
LVA,2015,19.50006990796633,Latvia
LVA,2016,19.669920562367597,Latvia
LVA,2017,20.65838914909422,Latvia
LVA,2018,19.73600187005367,Latvia
LVA,2019,19.34176911005775,Latvia
LVA,2020,19.151343122553513,Latvia
LVA,2021,20.092260691021824,Latvia
LVA,2022,20.43582522694149,Latvia
MAC,2005,23.6156753411376,Macao SAR China
MAC,2006,15.530331987853346,Macao SAR China
MAC,2007,18.950414886706525,Macao SAR China
MAC,2008,11.464384530789111,Macao SAR China
MAC,2009,16.564579228863728,Macao SAR China
MAC,2010,14.50589041609559,Macao SAR China
MAC,2011,11.680915636466823,Macao SAR China
MAC,2012,10.125055519150122,Macao SAR China
MAC,2015,14.274309740456454,Macao SAR China
MAC,2016,15.621147453454373,Macao SAR China
MAC,2017,15.52234548172205,Macao SAR China
MAC,2018,19.050617452809053,Macao SAR China
MAC,2019,19.533738026755426,Macao SAR China
MAC,2020,18.934895910463123,Macao SAR China
MAC,2021,21.021552016578013,Macao SAR China
MAC,2022,20.191102954872637,Macao SAR China
MAC,2023,25.78967617509324,Macao SAR China
MAR,2001,33.561705994346106,Morocco
MAR,2007,30.41811850894594,Morocco
MAR,2008,30.12292595043323,Morocco
MAR,2009,40.44676202898405,Morocco
MAR,2010,41.21617746983425,Morocco
MAR,2015,46.94074411223591,Morocco
MAR,2016,47.62738365463539,Morocco
MAR,2017,46.6841610579039,Morocco
MAR,2019,47.588968458766665,Morocco
MAR,2020,49.64695078710954,Morocco
MAR,2021,45.29701579523837,Morocco
MAR,2022,37.93874225364845,Morocco
MAR,2023,38.22234710248413,Morocco
MCO,2000,NA,Monaco
MCO,2001,NA,Monaco
MCO,2002,NA,Monaco
MCO,2003,NA,Monaco
MCO,2004,NA,Monaco
MCO,2005,NA,Monaco
MCO,2006,NA,Monaco
MCO,2007,NA,Monaco
MCO,2008,NA,Monaco
MCO,2009,NA,Monaco
MCO,2010,NA,Monaco
MCO,2011,NA,Monaco
MCO,2016,NA,Monaco
MCO,2017,NA,Monaco
MCO,2018,NA,Monaco
MCO,2019,NA,Monaco
MCO,2020,NA,Monaco
MCO,2021,NA,Monaco
MCO,2022,NA,Monaco
MCO,2023,NA,Monaco
MCO,2024,NA,Monaco
MDA,2014,25.955053330439863,Moldova
MDA,2015,24.40344816025359,Moldova
MDA,2018,23.915702781100116,Moldova
MDA,2019,24.027172403737097,Moldova
MDA,2020,24.75299301668655,Moldova
MDA,2021,24.33382729815224,Moldova
MDA,2022,23.17843032328196,Moldova
MDA,2023,23.077490139466978,Moldova
MDG,2005,34.23349478475234,Madagascar
MDG,2006,35.92911810213189,Madagascar
MDG,2007,34.79649670322591,Madagascar
MDG,2008,32.77595633871256,Madagascar
MDG,2009,30.650703795619183,Madagascar
MDG,2010,30.164917727757857,Madagascar
MDG,2014,35.2905931194939,Madagascar
MDG,2015,32.23637657101577,Madagascar
MDG,2016,29.699429919440295,Madagascar
MDG,2017,29.427080088027246,Madagascar
MDG,2018,31.43163071002708,Madagascar
MDG,2019,31.332670771393488,Madagascar
MDG,2020,30.718194953196097,Madagascar
MDG,2022,32.22457829670063,Madagascar
MDG,2023,33.99004359525879,Madagascar
MDV,2000,NA,Maldives
MDV,2001,NA,Maldives
MDV,2002,NA,Maldives
MDV,2003,NA,Maldives
MDV,2014,NA,Maldives
MDV,2017,5.069832965233648,Maldives
MDV,2019,22.386486975702617,Maldives
MEX,2000,30.578475802966544,Mexico
MEX,2001,30.61789585671773,Mexico
MEX,2002,31.235075482028453,Mexico
MEX,2003,32.693150123180416,Mexico
MEX,2005,29.557509201184185,Mexico
MEX,2006,30.867881058228242,Mexico
MEX,2007,30.584269317449657,Mexico
MEX,2008,30.384781600741345,Mexico
MEX,2009,29.96002994387513,Mexico
MEX,2010,29.19080988263012,Mexico
MEX,2011,29.111853956462348,Mexico
MEX,2013,29.23293244338488,Mexico
MEX,2014,28.97810638052568,Mexico
MEX,2015,28.972811207362824,Mexico
MEX,2016,28.164038990891022,Mexico
MEX,2017,27.75421090690182,Mexico
MEX,2019,28.1443678019429,Mexico
MEX,2020,28.560853745626137,Mexico
MEX,2021,28.115858150432686,Mexico
MEX,2022,28.447810016808063,Mexico
MHL,2019,NA,Marshall Islands
MHL,2022,28.022055035364264,Marshall Islands
MKD,2000,31.927063953826,North Macedonia
MKD,2001,30.323135185348903,North Macedonia
MKD,2002,33.1377529327009,North Macedonia
MKD,2003,30.922563463065984,North Macedonia
MKD,2004,32.345798613806345,North Macedonia
MKD,2005,32.543513319473334,North Macedonia
MKD,2006,31.97562885340963,North Macedonia
MKD,2008,33.64068901327306,North Macedonia
MKD,2009,34.7035273570287,North Macedonia
MKD,2010,33.98370833242021,North Macedonia
MKD,2011,32.11662938872151,North Macedonia
MKD,2012,33.63047802610084,North Macedonia
MKD,2013,32.80321895621149,North Macedonia
MKD,2014,35.147839058108666,North Macedonia
MKD,2015,37.88866757431204,North Macedonia
MKD,2017,39.863051437483925,North Macedonia
MKD,2018,38.561983888207756,North Macedonia
MKD,2020,40.92872050577985,North Macedonia
MKD,2021,39.71115662253974,North Macedonia
MKD,2022,40.6615842208632,North Macedonia
MLT,2000,20.44587914103705,Malta
MLT,2001,25.380138146734115,Malta
MLT,2002,25.144855193727246,Malta
MLT,2003,23.183443957210457,Malta
MLT,2004,25.28038066180288,Malta
MLT,2005,22.12039799405059,Malta
MLT,2006,20.22206522193753,Malta
MLT,2008,21.349860585333214,Malta
MLT,2009,23.043327110016502,Malta
MLT,2010,25.6721024510113,Malta
MLT,2011,26.879742271722872,Malta
MLT,2013,24.414104213437714,Malta
MLT,2014,23.494820986466976,Malta
MLT,2015,25.8319065924895,Malta
MLT,2016,21.25267085802435,Malta
MLT,2017,24.09790245841739,Malta
MLT,2019,23.23638300451866,Malta
MLT,2020,24.650605779815628,Malta
MLT,2021,21.04161327270136,Malta
MLT,2022,24.831290400697174,Malta
MMR,2018,44.40547032640965,Myanmar (Burma)
MNE,2019,36.97111336585873,Montenegro
MNG,2000,33.52489149864922,Mongolia
MNG,2001,34.19312327401863,Mongolia
MNG,2002,34.76620274635532,Mongolia
MNG,2003,37.13255954915829,Mongolia
MNG,2004,35.145510685211995,Mongolia
MNG,2005,36.76777149622178,Mongolia
MNG,2006,33.427065789709545,Mongolia
MNG,2007,32.879897944482,Mongolia
MNG,2008,33.47700903665095,Mongolia
MNG,2009,31.992248738413952,Mongolia
MNG,2010,29.426947953085264,Mongolia
MNG,2011,29.09606777973267,Mongolia
MNG,2016,26.629857737664747,Mongolia
MNG,2017,24.499060940337948,Mongolia
MNG,2018,25.690832254477463,Mongolia
MNG,2019,23.760036720032165,Mongolia
MNG,2022,22.12949613232449,Mongolia
MNG,2023,22.244861336720646,Mongolia
MOZ,2004,35.146455565467804,Mozambique
MOZ,2005,25.994976388588388,Mozambique
MOZ,2006,24.525151373034518,Mozambique
MOZ,2008,24.969304875042614,Mozambique
MOZ,2009,26.97770814307907,Mozambique
MOZ,2012,31.09497996619574,Mozambique
MOZ,2015,25.793205162708293,Mozambique
MOZ,2016,25.82098319486886,Mozambique
MOZ,2017,29.23669472919955,Mozambique
MOZ,2018,29.422890263306222,Mozambique
MRT,2016,43.42927867849858,Mauritania
MRT,2020,52.27365783210961,Mauritania
MSR,2000,NA,Montserrat
MSR,2001,NA,Montserrat
MSR,2002,NA,Montserrat
MSR,2003,NA,Montserrat
MSR,2004,NA,Montserrat
MSR,2005,NA,Montserrat
MSR,2006,NA,Montserrat
MSR,2007,NA,Montserrat
MSR,2019,NA,Montserrat
MUS,2017,30.105343115960963,Mauritius
MUS,2020,24.635554427464907,Mauritius
MUS,2021,27.615048343062128,Mauritius
MUS,2024,28.27479922322117,Mauritius
MYS,2004,37.504747192928185,Malaysia
MYS,2006,39.28642784221315,Malaysia
MYS,2007,35.64193388832568,Malaysia
MYS,2008,33.64671486347157,Malaysia
MYS,2009,32.86879253641661,Malaysia
MYS,2010,33.04886152545702,Malaysia
MYS,2011,34.20323584959111,Malaysia
MYS,2012,38.883100829977856,Malaysia
MYS,2018,31.365924709022703,Malaysia
MYS,2019,33.827504370435754,Malaysia
MYS,2022,33.024064240151155,Malaysia
MYS,2023,32.266515593209576,Malaysia
NAM,2001,29.78118214489218,Namibia
NAM,2003,28.321955283889622,Namibia
NAM,2005,35.38892481877961,Namibia
NAM,2014,30.73765905231128,Namibia
NAM,2015,31.744084457105455,Namibia
NAM,2016,25.776608158838044,Namibia
NAM,2017,26.85395664298738,Namibia
NAM,2018,23.74085682673391,Namibia
NAM,2019,25.849588203020176,Namibia
NAM,2020,20.518547937445344,Namibia
NAM,2022,22.471679793444075,Namibia
NER,2001,14.278894648112331,Niger
NER,2015,31.103148380487315,Niger
NER,2016,38.79224070295597,Niger
NER,2017,21.24362133195379,Niger
NER,2018,31.557326697373433,Niger
NER,2019,28.886394546862498,Niger
NIC,2023,30.813653525445183,Nicaragua
NIU,2000,NA,Niue
NIU,2001,NA,Niue
NIU,2002,NA,Niue
NIU,2003,NA,Niue
NIU,2004,NA,Niue
NIU,2007,NA,Niue
NIU,2008,NA,Niue
NIU,2016,NA,Niue
NLD,2000,15.863698219542155,Netherlands
NLD,2001,15.423765148743213,Netherlands
NLD,2002,15.44730960004969,Netherlands
NLD,2004,16.469361025540028,Netherlands
NLD,2010,16.722239534779927,Netherlands
NLD,2013,19.818165491431177,Netherlands
NLD,2014,20.626097905197746,Netherlands
NLD,2017,24.509628520929308,Netherlands
NLD,2018,25.641790090456528,Netherlands
NLD,2019,25.938468967360446,Netherlands
NLD,2020,26.41201429450794,Netherlands
NLD,2021,26.946600068365324,Netherlands
NLD,2022,27.30278464848978,Netherlands
NOR,2000,20.203694794584166,Norway
NOR,2001,19.733130143083496,Norway
NOR,2002,20.063165092937503,Norway
NOR,2004,18.11817726602463,Norway
NOR,2005,18.62811869583745,Norway
NOR,2007,20.97134567915084,Norway
NOR,2008,21.896558490664937,Norway
NOR,2009,22.010595631255118,Norway
NOR,2010,23.023451066127958,Norway
NOR,2012,22.23172297802126,Norway
NOR,2013,19.598151161734126,Norway
NOR,2014,19.497109153753303,Norway
NOR,2015,22.315243907945025,Norway
NOR,2016,21.732126014190182,Norway
NOR,2017,22.50474459607211,Norway
NOR,2018,22.47732713658106,Norway
NOR,2019,22.27215715309772,Norway
NOR,2020,22.8122546856071,Norway
NOR,2021,23.621745503873523,Norway
NOR,2022,24.05703467074978,Norway
NRU,2000,NA,Nauru
NRU,2001,NA,Nauru
NRU,2002,NA,Nauru
NRU,2003,NA,Nauru
NRU,2004,NA,Nauru
NRU,2007,NA,Nauru
NRU,2008,NA,Nauru
NZL,2005,25.583624318408198,New Zealand
NZL,2013,26.113627589151513,New Zealand
NZL,2014,27.199680899955638,New Zealand
NZL,2015,28.38829438438711,New Zealand
NZL,2016,29.79043440464021,New Zealand
NZL,2017,28.638721055603067,New Zealand
NZL,2018,29.098148283431836,New Zealand
NZL,2019,28.872315011876225,New Zealand
NZL,2020,29.646349421231694,New Zealand
NZL,2021,29.153304959565695,New Zealand
NZL,2022,30.675586328100792,New Zealand
OMN,2007,35.065224471088605,Oman
OMN,2009,37.378771662766695,Oman
OMN,2010,40.936922063456215,Oman
OMN,2015,41.94851089976608,Oman
OMN,2016,43.21199570148222,Oman
OMN,2017,45.40220835377275,Oman
OMN,2018,42.80780020649263,Oman
OMN,2019,42.74404281758849,Oman
OMN,2020,42.30045192564298,Oman
OMN,2021,41.347263728731804,Oman
OMN,2023,43.38870987515064,Oman
PAN,2002,25.62472710390597,Panama
PAN,2003,20.170179946267492,Panama
PAN,2004,26.31367501861207,Panama
PAN,2005,27.46660176362473,Panama
PAN,2006,26.236516416528648,Panama
PAN,2007,25.347576266305694,Panama
PAN,2008,26.354955629731748,Panama
PAN,2009,26.210291195324665,Panama
PAN,2010,26.425344260355576,Panama
PAN,2011,42.36933141770126,Panama
PAN,2014,30.51317846030848,Panama
PAN,2015,32.670218641839526,Panama
PAN,2016,29.034517899034835,Panama
PAN,2019,34.482982890526095,Panama
PAN,2020,27.91498311025473,Panama
PAN,2021,25.368807340145633,Panama
PAN,2022,26.564650774897615,Panama
PER,2016,28.212690300497652,Peru
PER,2017,39.897061006301506,Peru
PHL,2015,35.02034768483158,Philippines
PHL,2016,33.84443362099914,Philippines
PHL,2017,28.65461686654661,Philippines
PHL,2018,30.537590962872706,Philippines
PHL,2019,30.41411161799025,Philippines
PHL,2020,30.26442064917763,Philippines
PHL,2021,31.87349116995184,Philippines
PHL,2023,29.216777644343495,Philippines
POL,2011,24.568104743155533,Poland
POL,2012,26.133393870858335,Poland
POL,2013,26.740061495322415,Poland
POL,2014,27.659090843068725,Poland
POL,2015,28.688555290398593,Poland
POL,2016,29.179578227671822,Poland
POL,2017,28.995341230388206,Poland
POL,2018,28.35189402538757,Poland
POL,2019,27.681567847933664,Poland
POL,2020,27.96748379030577,Poland
POL,2021,27.726754093098222,Poland
POL,2022,27.08730909715153,Poland
PRI,2008,18.865759755082166,Puerto Rico
PRI,2009,23.975073070355986,Puerto Rico
PRI,2011,26.251163789805748,Puerto Rico
PRI,2012,23.841497070352307,Puerto Rico
PRI,2014,26.25591518476995,Puerto Rico
PRI,2015,26.25591518476995,Puerto Rico
PRI,2016,26.41474588130362,Puerto Rico
PRI,2018,27.629353320302474,Puerto Rico
PRI,2023,26.48995937619687,Puerto Rico
PRK,2015,29.46900541120256,North Korea
PRT,2000,26.09259103679863,Portugal
PRT,2002,26.719838264166118,Portugal
PRT,2003,27.29574834326028,Portugal
PRT,2004,28.387498426791197,Portugal
PRT,2005,28.668272433071053,Portugal
PRT,2006,28.324012353454343,Portugal
PRT,2007,27.863839833970722,Portugal
PRT,2008,28.939297869813434,Portugal
PRT,2009,29.020022939464024,Portugal
PRT,2010,29.441474609070916,Portugal
PRT,2011,30.124843848129867,Portugal
PRT,2012,30.26601113351348,Portugal
PRT,2013,31.762563105296415,Portugal
PRT,2014,32.1703398743211,Portugal
PRT,2015,30.44701787528183,Portugal
PRT,2016,31.14940420075733,Portugal
PRT,2017,30.600375232573384,Portugal
PRT,2019,29.2652660846201,Portugal
PRT,2020,28.863839445264976,Portugal
PRT,2021,29.96938747778481,Portugal
PRT,2022,29.343863440033907,Portugal
PSE,2000,45.55973094288346,Palestinian Territories
PSE,2001,43.373558107125184,Palestinian Territories
PSE,2003,41.88861397475854,Palestinian Territories
PSE,2004,42.92661031895177,Palestinian Territories
PSE,2007,34.906118764429706,Palestinian Territories
PSE,2008,35.2535889426799,Palestinian Territories
PSE,2009,34.53187447846112,Palestinian Territories
PSE,2010,35.49229197273928,Palestinian Territories
PSE,2011,36.08894789374662,Palestinian Territories
PSE,2012,35.658309519555964,Palestinian Territories
PSE,2015,35.445946724690245,Palestinian Territories
PSE,2016,35.76466595490234,Palestinian Territories
PSE,2017,34.429257016181474,Palestinian Territories
PSE,2018,34.39340972938523,Palestinian Territories
PSE,2019,34.541570192445825,Palestinian Territories
PSE,2020,34.683517931797766,Palestinian Territories
PSE,2021,35.3103934649344,Palestinian Territories
PSE,2022,36.39869774853199,Palestinian Territories
PSE,2023,34.509867667418156,Palestinian Territories
QAT,2000,51.24619996160465,Qatar
QAT,2001,28.230246777794154,Qatar
QAT,2002,21.462400962678046,Qatar
QAT,2003,25.02780363722406,Qatar
QAT,2008,36.839999654255806,Qatar
QAT,2009,36.30408035053648,Qatar
QAT,2010,30.904399738045925,Qatar
QAT,2011,18.99317836706579,Qatar
QAT,2012,22.887204357566134,Qatar
QAT,2016,23.17750922234487,Qatar
QAT,2017,26.722304772998072,Qatar
QAT,2018,30.55312363261497,Qatar
QAT,2019,28.401387158784136,Qatar
QAT,2020,29.371144179566567,Qatar
QAT,2021,33.171933363848744,Qatar
QAT,2022,27.77072821338505,Qatar
QAT,2023,32.666994640928316,Qatar
ROU,2000,32.84797841283707,Romania
ROU,2001,31.314598082673754,Romania
ROU,2004,31.853459821707354,Romania
ROU,2005,33.30313006193042,Romania
ROU,2006,30.238460320598225,Romania
ROU,2007,31.078318815395477,Romania
ROU,2008,30.792266677746632,Romania
ROU,2009,29.13458719438938,Romania
ROU,2010,28.523197934762624,Romania
ROU,2011,32.145765292881414,Romania
ROU,2013,31.980904364780365,Romania
ROU,2014,33.20428543138919,Romania
ROU,2015,33.87001576357239,Romania
ROU,2016,33.17198485332136,Romania
ROU,2019,34.07000392800348,Romania
ROU,2020,33.18538989362395,Romania
ROU,2021,33.65253334558147,Romania
ROU,2022,33.510227800745234,Romania
RWA,2017,33.971978646208036,Rwanda
RWA,2018,37.64592735445226,Rwanda
RWA,2019,33.84378487739339,Rwanda
RWA,2020,35.935471218213344,Rwanda
RWA,2022,35.81669975026646,Rwanda
RWA,2023,36.38422640716302,Rwanda
SAU,2004,36.953400074413864,Saudi Arabia
SAU,2005,38.144413828730436,Saudi Arabia
SAU,2006,41.52107111897718,Saudi Arabia
SAU,2007,51.032859144163154,Saudi Arabia
SAU,2008,50.097440107274046,Saudi Arabia
SAU,2009,50.51364046015486,Saudi Arabia
SAU,2010,36.338777466201485,Saudi Arabia
SAU,2011,32.35255284077857,Saudi Arabia
SAU,2012,36.60583095687176,Saudi Arabia
SAU,2015,37.889353879907404,Saudi Arabia
SAU,2016,37.33900508406076,Saudi Arabia
SAU,2017,38.66026643976404,Saudi Arabia
SAU,2018,33.96255457700092,Saudi Arabia
SAU,2019,36.774649195755686,Saudi Arabia
SAU,2020,37.653013247607895,Saudi Arabia
SAU,2021,38.2209149534192,Saudi Arabia
SAU,2022,36.79828488667006,Saudi Arabia
SDN,2012,39.40401798326745,Sudan
SDN,2015,48.65050028891356,Sudan
SGP,2016,31.795212013624703,Singapore
SGP,2017,31.553220442306795,Singapore
SGP,2018,30.55740899529055,Singapore
SGP,2019,30.30403182940045,Singapore
SGP,2020,30.04227906204135,Singapore
SGP,2021,30.487552102324106,Singapore
SGP,2022,30.550104222469944,Singapore
SLB,2008,NA,Solomon Islands
SLE,2000,64.84947635091845,Sierra Leone
SLV,2002,28.500356215727262,El Salvador
SLV,2003,27.77916359745875,El Salvador
SLV,2005,27.307373139203193,El Salvador
SLV,2006,25.40067967035668,El Salvador
SLV,2007,27.388884185015616,El Salvador
SLV,2008,27.198729683216744,El Salvador
SLV,2009,24.61988787507656,El Salvador
SLV,2010,24.170741484213217,El Salvador
SLV,2011,22.750093695298617,El Salvador
SLV,2012,22.405392114709933,El Salvador
SLV,2015,21.427385662541646,El Salvador
SLV,2016,20.11145707548982,El Salvador
SLV,2017,19.68338366813209,El Salvador
SLV,2018,19.459819815380335,El Salvador
SLV,2019,20.68552137268421,El Salvador
SLV,2020,23.30779841791171,El Salvador
SLV,2021,39.63698420635795,El Salvador
SLV,2022,28.87059795925212,El Salvador
SLV,2023,36.55625037314536,El Salvador
SMR,2023,25.855517114464494,San Marino
SRB,2007,33.86165480950065,Serbia
SRB,2008,32.91837829825533,Serbia
SRB,2009,33.15924239292089,Serbia
SRB,2010,32.36516708862446,Serbia
SRB,2011,31.801832689820287,Serbia
SRB,2012,30.639624737058323,Serbia
SRB,2015,32.154403946651044,Serbia
SRB,2016,33.0921967324251,Serbia
SRB,2017,31.95590919914696,Serbia
SRB,2018,34.06515024820305,Serbia
SRB,2019,33.5010467629434,Serbia
SRB,2020,34.69436923083995,Serbia
SRB,2021,34.62569326026075,Serbia
SRB,2022,35.58096230102717,Serbia
SRB,2023,35.44789195030699,Serbia
STP,2000,NA,S√£o Tom√© & Pr√≠ncipe
STP,2001,NA,S√£o Tom√© & Pr√≠ncipe
STP,2002,NA,S√£o Tom√© & Pr√≠ncipe
STP,2003,NA,S√£o Tom√© & Pr√≠ncipe
STP,2004,NA,S√£o Tom√© & Pr√≠ncipe
STP,2005,NA,S√£o Tom√© & Pr√≠ncipe
STP,2006,NA,S√£o Tom√© & Pr√≠ncipe
STP,2007,NA,S√£o Tom√© & Pr√≠ncipe
STP,2008,NA,S√£o Tom√© & Pr√≠ncipe
SVK,2000,28.124291786830575,Slovakia
SVK,2001,29.635238947254468,Slovakia
SVK,2002,29.578719354344425,Slovakia
SVK,2003,30.097313699432576,Slovakia
SVK,2004,29.8459084343775,Slovakia
SVK,2005,29.75108014456674,Slovakia
SVK,2006,27.220602178094143,Slovakia
SVK,2007,25.792283821545187,Slovakia
SVK,2008,24.877107910186623,Slovakia
SVK,2009,23.57933889187057,Slovakia
SVK,2010,23.905510067329537,Slovakia
SVK,2011,23.593217151055214,Slovakia
SVK,2012,23.943185179790962,Slovakia
SVK,2013,24.829576243504974,Slovakia
SVK,2014,25.638874688264814,Slovakia
SVK,2015,24.833267233260138,Slovakia
SVK,2017,24.49313012689264,Slovakia
SVK,2018,24.749346940117512,Slovakia
SVK,2019,24.6972891029462,Slovakia
SVK,2020,24.618104486392937,Slovakia
SVK,2021,23.53908407743426,Slovakia
SVK,2022,23.826311540360763,Slovakia
SVN,2001,17.936518206744104,Slovenia
SVN,2002,18.28399677553632,Slovenia
SVN,2003,18.18597740562959,Slovenia
SVN,2005,17.87489015491051,Slovenia
SVN,2006,17.771580648475645,Slovenia
SVN,2007,17.090420277033303,Slovenia
SVN,2008,17.821974687379807,Slovenia
SVN,2009,18.087567250926064,Slovenia
SVN,2010,19.38832482231299,Slovenia
SVN,2011,20.424474616205917,Slovenia
SVN,2012,21.896431427305167,Slovenia
SVN,2013,22.5645689748683,Slovenia
SVN,2014,23.489774994611476,Slovenia
SVN,2015,24.227371921960632,Slovenia
SVN,2017,23.9726877560677,Slovenia
SVN,2018,25.09049651008533,Slovenia
SVN,2019,24.44381516578851,Slovenia
SVN,2020,24.454500312438384,Slovenia
SVN,2021,23.445390679817056,Slovenia
SVN,2022,24.688935059735073,Slovenia
SWE,2000,25.638126222684456,Sweden
SWE,2001,26.850671966552586,Sweden
SWE,2002,26.49602049268677,Sweden
SWE,2003,25.07874922922338,Sweden
SWE,2004,24.487545107287588,Sweden
SWE,2005,23.234452122624198,Sweden
SWE,2006,23.360679794036802,Sweden
SWE,2007,22.419379371443316,Sweden
SWE,2008,22.702552879110748,Sweden
SWE,2009,22.291326829647346,Sweden
SWE,2010,23.40946007356101,Sweden
SWE,2011,23.16476375682296,Sweden
SWE,2012,23.78421130349826,Sweden
SWE,2013,22.94300434209878,Sweden
SWE,2015,23.96310989467356,Sweden
SWE,2016,24.677011948242452,Sweden
SWE,2017,25.01930825179774,Sweden
SWE,2018,24.840330129170447,Sweden
SWE,2019,25.436064807973224,Sweden
SWE,2020,25.802443436333622,Sweden
SWE,2021,26.59048892234622,Sweden
SWE,2022,26.805467884262523,Sweden
SWE,2023,27.216255212721908,Sweden
SWZ,2000,48.548526959127464,Eswatini
SWZ,2001,50.64981924474124,Eswatini
SWZ,2002,40.298490383535764,Eswatini
SWZ,2005,44.71321836093605,Eswatini
SWZ,2006,28.58105256787646,Eswatini
SWZ,2015,NA,Eswatini
SXM,2014,NA,Sint Maarten
SXM,2015,26.315797055526335,Sint Maarten
SXM,2017,100,Sint Maarten
SXM,2022,0,Sint Maarten
SXM,2023,NA,Sint Maarten
SYC,2000,NA,Seychelles
SYC,2001,NA,Seychelles
SYC,2002,NA,Seychelles
SYC,2003,NA,Seychelles
SYC,2004,NA,Seychelles
SYC,2005,NA,Seychelles
SYC,2006,NA,Seychelles
SYC,2007,NA,Seychelles
SYC,2008,NA,Seychelles
SYC,2009,NA,Seychelles
SYC,2010,NA,Seychelles
SYC,2011,20.61855504256602,Seychelles
SYC,2012,NA,Seychelles
SYC,2013,NA,Seychelles
SYC,2014,NA,Seychelles
SYC,2015,12.838632621868761,Seychelles
SYC,2016,20.627793810255653,Seychelles
SYC,2017,19.76470186640843,Seychelles
SYC,2018,17.067552570034064,Seychelles
SYC,2019,16.559863867856635,Seychelles
SYC,2020,20.937222116108106,Seychelles
SYC,2021,16.98236295516579,Seychelles
SYC,2022,19.446593517810996,Seychelles
SYC,2023,23.968751397973605,Seychelles
SYR,2016,40.44667683678075,Syria
SYR,2022,44.02059790672502,Syria
TCA,2021,14.814819147556838,Turks & Caicos Islands
TCA,2023,4.8672531817653955,Turks & Caicos Islands
TCD,2000,22.588219848057147,Chad
TCD,2020,31.34610767685774,Chad
THA,2015,24.618082758865427,Thailand
THA,2016,25.28679313498016,Thailand
THA,2022,24.975268320221687,Thailand
THA,2023,29.536299422862644,Thailand
THA,2024,23.302777519860836,Thailand
TKL,2000,NA,Tokelau
TKL,2001,NA,Tokelau
TKL,2002,NA,Tokelau
TKL,2003,NA,Tokelau
TKL,2004,NA,Tokelau
TKL,2007,NA,Tokelau
TKL,2008,NA,Tokelau
TTO,2019,27.286607974672922,Trinidad & Tobago
TTO,2021,28.121651952406072,Trinidad & Tobago
TTO,2022,30.657240268350687,Trinidad & Tobago
TTO,2023,32.60235029149149,Trinidad & Tobago
TUN,2012,37.42947976880476,Tunisia
TUN,2015,39.56889469472662,Tunisia
TUN,2016,39.02894458955276,Tunisia
TUN,2018,39.315115222794134,Tunisia
TUN,2020,36.68806625828002,Tunisia
TUN,2021,36.68806625828002,Tunisia
TUN,2022,35.966191020408196,Tunisia
TUN,2023,36.90354347005433,Tunisia
TUR,2000,39.112051592479084,Turkey
TUR,2004,36.151051777021394,Turkey
TUR,2005,34.60329365403944,Turkey
TUR,2006,34.82369403375296,Turkey
TUR,2007,35.50232491931492,Turkey
TUR,2008,34.53955898826309,Turkey
TUR,2009,33.97441937624476,Turkey
TUR,2010,34.97213220125157,Turkey
TUR,2011,37.0508685111987,Turkey
TUR,2012,37.264375922022616,Turkey
TUR,2014,35.37836038713905,Turkey
TUR,2018,31.29558718069001,Turkey
TUR,2019,31.62547306170471,Turkey
TUR,2020,30.06224399400381,Turkey
TUR,2021,30.043803689303754,Turkey
TUR,2022,50.05824565374858,Turkey
TUV,2000,NA,Tuvalu
TUV,2001,NA,Tuvalu
TUV,2002,NA,Tuvalu
TUV,2003,NA,Tuvalu
TUV,2004,NA,Tuvalu
TUV,2008,NA,Tuvalu
TZA,2021,35.97684539377004,Tanzania
TZA,2022,35.07121386960239,Tanzania
TZA,2023,35.430346602193794,Tanzania
TZA,2024,33.444770896002225,Tanzania
UGA,2000,31.769827241547908,Uganda
UGA,2004,36.20454320428962,Uganda
UKR,2012,26.416776610079808,Ukraine
UKR,2015,26.579047879179136,Ukraine
UKR,2016,26.322263581990356,Ukraine
UKR,2017,24.856078875544206,Ukraine
UKR,2018,26.300701718190545,Ukraine
UKR,2019,26.09542440930245,Ukraine
UKR,2020,25.0164026701934,Ukraine
UKR,2021,25.147366103366465,Ukraine
UKR,2023,23.60327258987004,Ukraine
URY,2007,30.76745376615563,Uruguay
URY,2008,32.919116544516214,Uruguay
URY,2009,29.40992930726893,Uruguay
URY,2010,30.805214713111756,Uruguay
URY,2017,31.587906310597567,Uruguay
URY,2018,33.03147155406745,Uruguay
URY,2019,31.502656482758347,Uruguay
URY,2020,29.402221374832727,Uruguay
URY,2021,33.08155939667756,Uruguay
URY,2022,31.603789232080974,Uruguay
USA,2013,24.65422862106643,United States
USA,2014,24.96840932030841,United States
USA,2015,26.341680101325693,United States
USA,2016,26.825189077681692,United States
USA,2019,27.81617509836532,United States
USA,2020,28.357307872418097,United States
USA,2021,28.954292735887364,United States
UZB,2018,32.53517427560031,Uzbekistan
UZB,2019,33.19328431414929,Uzbekistan
UZB,2020,32.88333694041724,Uzbekistan
UZB,2021,27.89421667947382,Uzbekistan
VCT,2000,NA,St. Vincent & Grenadines
VCT,2001,NA,St. Vincent & Grenadines
VCT,2002,NA,St. Vincent & Grenadines
VCT,2003,NA,St. Vincent & Grenadines
VCT,2004,NA,St. Vincent & Grenadines
VGB,2002,NA,British Virgin Islands
VGB,2009,41.981655502346506,British Virgin Islands
VGB,2015,NA,British Virgin Islands
VGB,2021,34.22115411253646,British Virgin Islands
VGB,2022,50.28607095688869,British Virgin Islands
VGB,2023,31.34639285235874,British Virgin Islands
VNM,2005,25.36161245630654,Vietnam
VNM,2007,29.148409948819136,Vietnam
VNM,2008,27.649868667955914,Vietnam
VNM,2009,29.151167014711227,Vietnam
VNM,2010,27.446207130932716,Vietnam
VNM,2012,36.47835317398684,Vietnam
VNM,2015,36.320533177949784,Vietnam
VNM,2016,33.02180375199298,Vietnam
WSM,2000,22.680403011105188,Samoa
WSM,2017,36.87662188415459,Samoa
WSM,2018,26.021884706500025,Samoa
WSM,2019,39.21954009338972,Samoa
WSM,2020,39.95462987861115,Samoa
WSM,2021,63.10682962538024,Samoa
ZAF,2014,31.5008970039599,South Africa
ZAF,2015,31.586257002834667,South Africa
ZAF,2016,31.52612149868961,South Africa
ZAF,2017,31.999891453103675,South Africa
ZAF,2018,31.879678831129453,South Africa
ZAF,2019,32.00056977299634,South Africa
ZAF,2020,33.41611882465911,South Africa
ZAF,2021,33.614475515000706,South Africa
ZAF,2022,33.64758141875658,South Africa
ZWE,2010,23.330723595278403,Zimbabwe
ZWE,2011,31.869635219047428,Zimbabwe
ZWE,2012,31.771571831714883,Zimbabwe
ZWE,2015,36.26802969608243,Zimbabwe
